store_id,group,treat,date,period,post,revenue
C01,control,0,2025-02-03,history,0,2407.61
C01,control,0,2025-02-04,history,0,2008.68
C01,control,0,2025-02-05,history,0,2181.99
C01,control,0,2025-02-06,history,0,2158.97
C01,control,0,2025-02-07,history,0,2049.89
C01,control,0,2025-02-08,history,0,1970.4
C01,control,0,2025-02-09,history,0,2297.62
C01,control,0,2025-02-10,history,0,2168.09
C01,control,0,2025-02-11,history,0,2036.22
C01,control,0,2025-02-12,history,0,2040.68
C01,control,0,2025-02-13,history,0,2304.11
C01,control,0,2025-02-14,history,0,2360.97
C01,control,0,2025-02-15,history,0,2457.3
C01,control,0,2025-02-16,history,0,2631.03
C01,control,0,2025-02-17,history,0,2291.51
C01,control,0,2025-02-18,history,0,2043.43
C01,control,0,2025-02-19,history,0,1980.01
C01,control,0,2025-02-20,history,0,2188.32
C01,control,0,2025-02-21,history,0,2168.88
C01,control,0,2025-02-22,history,0,2160.89
C01,control,0,2025-02-23,history,0,2129.19
C01,control,0,2025-02-24,history,0,2155.98
C01,control,0,2025-02-25,history,0,2415.0
C01,control,0,2025-02-26,history,0,2223.3
C01,control,0,2025-02-27,history,0,2168.99
C01,control,0,2025-02-28,history,0,2068.32
C01,control,0,2025-03-01,history,0,2044.71
C01,control,0,2025-03-02,history,0,2177.3
C01,control,0,2025-03-03,pre,0,2472.07
C01,control,0,2025-03-04,pre,0,2560.89
C01,control,0,2025-03-05,pre,0,2351.65
C01,control,0,2025-03-06,pre,0,2208.66
C01,control,0,2025-03-07,pre,0,2469.13
C01,control,0,2025-03-08,pre,0,2267.78
C01,control,0,2025-03-09,pre,0,2544.99
C01,control,0,2025-03-10,pre,0,2354.2
C01,control,0,2025-03-11,pre,0,2507.34
C01,control,0,2025-03-12,pre,0,2304.94
C01,control,0,2025-03-13,pre,0,2321.09
C01,control,0,2025-03-14,pre,0,2566.37
C01,control,0,2025-03-15,pre,0,2340.75
C01,control,0,2025-03-16,pre,0,2259.22
C01,control,0,2025-03-17,pre,0,2245.81
C01,control,0,2025-03-18,pre,0,2407.78
C01,control,0,2025-03-19,pre,0,2158.68
C01,control,0,2025-03-20,pre,0,2429.19
C01,control,0,2025-03-21,pre,0,2327.2
C01,control,0,2025-03-22,pre,0,2490.72
C01,control,0,2025-03-23,pre,0,2092.99
C01,control,0,2025-03-24,pre,0,2249.24
C01,control,0,2025-03-25,pre,0,2154.54
C01,control,0,2025-03-26,pre,0,2278.3
C01,control,0,2025-03-27,pre,0,2281.86
C01,control,0,2025-03-28,pre,0,2298.88
C01,control,0,2025-03-29,pre,0,2280.94
C01,control,0,2025-03-30,pre,0,2282.13
C01,control,0,2025-03-31,post,1,2019.98
C01,control,0,2025-04-01,post,1,2264.04
C01,control,0,2025-04-02,post,1,2141.42
C01,control,0,2025-04-03,post,1,2110.14
C01,control,0,2025-04-04,post,1,2144.22
C01,control,0,2025-04-05,post,1,2245.51
C01,control,0,2025-04-06,post,1,2308.82
C01,control,0,2025-04-07,post,1,2225.4
C01,control,0,2025-04-08,post,1,2332.99
C01,control,0,2025-04-09,post,1,1948.61
C01,control,0,2025-04-10,post,1,2067.63
C01,control,0,2025-04-11,post,1,1994.92
C01,control,0,2025-04-12,post,1,2192.49
C01,control,0,2025-04-13,post,1,2046.65
C01,control,0,2025-04-14,post,1,2030.22
C01,control,0,2025-04-15,post,1,2284.57
C01,control,0,2025-04-16,post,1,2051.17
C01,control,0,2025-04-17,post,1,2206.19
C01,control,0,2025-04-18,post,1,2107.37
C01,control,0,2025-04-19,post,1,2177.22
C01,control,0,2025-04-20,post,1,2101.79
C01,control,0,2025-04-21,post,1,2190.01
C01,control,0,2025-04-22,post,1,2304.07
C01,control,0,2025-04-23,post,1,2305.83
C01,control,0,2025-04-24,post,1,2191.26
C01,control,0,2025-04-25,post,1,2157.73
C01,control,0,2025-04-26,post,1,1966.81
C01,control,0,2025-04-27,post,1,2093.25
C02,control,0,2025-02-03,history,0,2814.54
C02,control,0,2025-02-04,history,0,2952.47
C02,control,0,2025-02-05,history,0,2863.37
C02,control,0,2025-02-06,history,0,2977.08
C02,control,0,2025-02-07,history,0,2625.74
C02,control,0,2025-02-08,history,0,2582.39
C02,control,0,2025-02-09,history,0,2694.57
C02,control,0,2025-02-10,history,0,2696.71
C02,control,0,2025-02-11,history,0,3057.12
C02,control,0,2025-02-12,history,0,2652.96
C02,control,0,2025-02-13,history,0,2956.1
C02,control,0,2025-02-14,history,0,2741.03
C02,control,0,2025-02-15,history,0,2918.46
C02,control,0,2025-02-16,history,0,2916.54
C02,control,0,2025-02-17,history,0,2811.97
C02,control,0,2025-02-18,history,0,2746.26
C02,control,0,2025-02-19,history,0,2746.26
C02,control,0,2025-02-20,history,0,2798.71
C02,control,0,2025-02-21,history,0,2800.82
C02,control,0,2025-02-22,history,0,2652.64
C02,control,0,2025-02-23,history,0,2638.27
C02,control,0,2025-02-24,history,0,2782.57
C02,control,0,2025-02-25,history,0,3065.56
C02,control,0,2025-02-26,history,0,2812.64
C02,control,0,2025-02-27,history,0,2762.78
C02,control,0,2025-02-28,history,0,2815.88
C02,control,0,2025-03-01,history,0,2991.37
C02,control,0,2025-03-02,history,0,2850.97
C02,control,0,2025-03-03,pre,0,2697.09
C02,control,0,2025-03-04,pre,0,2552.75
C02,control,0,2025-03-05,pre,0,2861.24
C02,control,0,2025-03-06,pre,0,2703.06
C02,control,0,2025-03-07,pre,0,2663.39
C02,control,0,2025-03-08,pre,0,2665.88
C02,control,0,2025-03-09,pre,0,2720.45
C02,control,0,2025-03-10,pre,0,2959.87
C02,control,0,2025-03-11,pre,0,2630.64
C02,control,0,2025-03-12,pre,0,2560.66
C02,control,0,2025-03-13,pre,0,2508.03
C02,control,0,2025-03-14,pre,0,2563.09
C02,control,0,2025-03-15,pre,0,2543.18
C02,control,0,2025-03-16,pre,0,2573.86
C02,control,0,2025-03-17,pre,0,2599.51
C02,control,0,2025-03-18,pre,0,2701.97
C02,control,0,2025-03-19,pre,0,2661.06
C02,control,0,2025-03-20,pre,0,2569.18
C02,control,0,2025-03-21,pre,0,2808.23
C02,control,0,2025-03-22,pre,0,2750.07
C02,control,0,2025-03-23,pre,0,2669.5
C02,control,0,2025-03-24,pre,0,2573.63
C02,control,0,2025-03-25,pre,0,2731.08
C02,control,0,2025-03-26,pre,0,2708.36
C02,control,0,2025-03-27,pre,0,2386.72
C02,control,0,2025-03-28,pre,0,2620.59
C02,control,0,2025-03-29,pre,0,2651.15
C02,control,0,2025-03-30,pre,0,2501.63
C02,control,0,2025-03-31,post,1,2360.31
C02,control,0,2025-04-01,post,1,2457.6
C02,control,0,2025-04-02,post,1,2237.43
C02,control,0,2025-04-03,post,1,2428.45
C02,control,0,2025-04-04,post,1,2221.9
C02,control,0,2025-04-05,post,1,2387.93
C02,control,0,2025-04-06,post,1,2308.47
C02,control,0,2025-04-07,post,1,2256.47
C02,control,0,2025-04-08,post,1,2346.96
C02,control,0,2025-04-09,post,1,1959.91
C02,control,0,2025-04-10,post,1,2289.01
C02,control,0,2025-04-11,post,1,1798.43
C02,control,0,2025-04-12,post,1,2108.65
C02,control,0,2025-04-13,post,1,2306.72
C02,control,0,2025-04-14,post,1,2244.75
C02,control,0,2025-04-15,post,1,2056.49
C02,control,0,2025-04-16,post,1,2123.36
C02,control,0,2025-04-17,post,1,2458.28
C02,control,0,2025-04-18,post,1,2214.44
C02,control,0,2025-04-19,post,1,2574.56
C02,control,0,2025-04-20,post,1,2238.12
C02,control,0,2025-04-21,post,1,2322.46
C02,control,0,2025-04-22,post,1,2495.54
C02,control,0,2025-04-23,post,1,2261.15
C02,control,0,2025-04-24,post,1,2171.11
C02,control,0,2025-04-25,post,1,2211.1
C02,control,0,2025-04-26,post,1,2237.93
C02,control,0,2025-04-27,post,1,2077.31
C03,control,0,2025-02-03,history,0,2436.95
C03,control,0,2025-02-04,history,0,2538.34
C03,control,0,2025-02-05,history,0,2564.46
C03,control,0,2025-02-06,history,0,2708.71
C03,control,0,2025-02-07,history,0,2372.91
C03,control,0,2025-02-08,history,0,2242.91
C03,control,0,2025-02-09,history,0,2311.47
C03,control,0,2025-02-10,history,0,2647.12
C03,control,0,2025-02-11,history,0,2673.81
C03,control,0,2025-02-12,history,0,2395.26
C03,control,0,2025-02-13,history,0,2474.76
C03,control,0,2025-02-14,history,0,2690.02
C03,control,0,2025-02-15,history,0,2339.1
C03,control,0,2025-02-16,history,0,2428.25
C03,control,0,2025-02-17,history,0,2573.23
C03,control,0,2025-02-18,history,0,2369.07
C03,control,0,2025-02-19,history,0,2489.49
C03,control,0,2025-02-20,history,0,2390.84
C03,control,0,2025-02-21,history,0,2561.2
C03,control,0,2025-02-22,history,0,2633.88
C03,control,0,2025-02-23,history,0,2467.76
C03,control,0,2025-02-24,history,0,2504.4
C03,control,0,2025-02-25,history,0,2295.31
C03,control,0,2025-02-26,history,0,2452.86
C03,control,0,2025-02-27,history,0,2341.09
C03,control,0,2025-02-28,history,0,2300.6
C03,control,0,2025-03-01,history,0,2394.54
C03,control,0,2025-03-02,history,0,2449.81
C03,control,0,2025-03-03,pre,0,2474.11
C03,control,0,2025-03-04,pre,0,2277.84
C03,control,0,2025-03-05,pre,0,2715.41
C03,control,0,2025-03-06,pre,0,2551.94
C03,control,0,2025-03-07,pre,0,2365.53
C03,control,0,2025-03-08,pre,0,2421.35
C03,control,0,2025-03-09,pre,0,2174.33
C03,control,0,2025-03-10,pre,0,2355.54
C03,control,0,2025-03-11,pre,0,2384.48
C03,control,0,2025-03-12,pre,0,2247.5
C03,control,0,2025-03-13,pre,0,2462.82
C03,control,0,2025-03-14,pre,0,2705.28
C03,control,0,2025-03-15,pre,0,2329.97
C03,control,0,2025-03-16,pre,0,2358.66
C03,control,0,2025-03-17,pre,0,2414.89
C03,control,0,2025-03-18,pre,0,2633.83
C03,control,0,2025-03-19,pre,0,2286.88
C03,control,0,2025-03-20,pre,0,2469.57
C03,control,0,2025-03-21,pre,0,2697.41
C03,control,0,2025-03-22,pre,0,2241.77
C03,control,0,2025-03-23,pre,0,2313.57
C03,control,0,2025-03-24,pre,0,2379.79
C03,control,0,2025-03-25,pre,0,2381.44
C03,control,0,2025-03-26,pre,0,2561.96
C03,control,0,2025-03-27,pre,0,2368.14
C03,control,0,2025-03-28,pre,0,2194.39
C03,control,0,2025-03-29,pre,0,2460.19
C03,control,0,2025-03-30,pre,0,2318.93
C03,control,0,2025-03-31,post,1,2301.78
C03,control,0,2025-04-01,post,1,2349.62
C03,control,0,2025-04-02,post,1,2407.96
C03,control,0,2025-04-03,post,1,2411.24
C03,control,0,2025-04-04,post,1,2214.08
C03,control,0,2025-04-05,post,1,2316.15
C03,control,0,2025-04-06,post,1,2385.53
C03,control,0,2025-04-07,post,1,2458.18
C03,control,0,2025-04-08,post,1,2271.7
C03,control,0,2025-04-09,post,1,2271.6
C03,control,0,2025-04-10,post,1,2460.63
C03,control,0,2025-04-11,post,1,2271.77
C03,control,0,2025-04-12,post,1,2230.45
C03,control,0,2025-04-13,post,1,2390.77
C03,control,0,2025-04-14,post,1,2328.05
C03,control,0,2025-04-15,post,1,2097.31
C03,control,0,2025-04-16,post,1,2321.36
C03,control,0,2025-04-17,post,1,2467.09
C03,control,0,2025-04-18,post,1,2402.46
C03,control,0,2025-04-19,post,1,2466.26
C03,control,0,2025-04-20,post,1,2154.84
C03,control,0,2025-04-21,post,1,2398.23
C03,control,0,2025-04-22,post,1,2350.21
C03,control,0,2025-04-23,post,1,2272.49
C03,control,0,2025-04-24,post,1,2480.86
C03,control,0,2025-04-25,post,1,2486.79
C03,control,0,2025-04-26,post,1,2542.53
C03,control,0,2025-04-27,post,1,2483.86
C04,control,0,2025-02-03,history,0,2764.84
C04,control,0,2025-02-04,history,0,2415.08
C04,control,0,2025-02-05,history,0,2685.35
C04,control,0,2025-02-06,history,0,2634.98
C04,control,0,2025-02-07,history,0,2480.26
C04,control,0,2025-02-08,history,0,2678.85
C04,control,0,2025-02-09,history,0,2708.89
C04,control,0,2025-02-10,history,0,2778.16
C04,control,0,2025-02-11,history,0,2617.1
C04,control,0,2025-02-12,history,0,2501.95
C04,control,0,2025-02-13,history,0,2662.55
C04,control,0,2025-02-14,history,0,2712.41
C04,control,0,2025-02-15,history,0,2661.8
C04,control,0,2025-02-16,history,0,2574.15
C04,control,0,2025-02-17,history,0,2675.56
C04,control,0,2025-02-18,history,0,2612.48
C04,control,0,2025-02-19,history,0,2960.87
C04,control,0,2025-02-20,history,0,2804.33
C04,control,0,2025-02-21,history,0,2586.96
C04,control,0,2025-02-22,history,0,2599.16
C04,control,0,2025-02-23,history,0,2449.94
C04,control,0,2025-02-24,history,0,2524.91
C04,control,0,2025-02-25,history,0,2747.87
C04,control,0,2025-02-26,history,0,2772.08
C04,control,0,2025-02-27,history,0,2523.46
C04,control,0,2025-02-28,history,0,2537.02
C04,control,0,2025-03-01,history,0,2410.91
C04,control,0,2025-03-02,history,0,2639.05
C04,control,0,2025-03-03,pre,0,3133.57
C04,control,0,2025-03-04,pre,0,2906.41
C04,control,0,2025-03-05,pre,0,3007.97
C04,control,0,2025-03-06,pre,0,2996.42
C04,control,0,2025-03-07,pre,0,3016.69
C04,control,0,2025-03-08,pre,0,2960.81
C04,control,0,2025-03-09,pre,0,2790.56
C04,control,0,2025-03-10,pre,0,3088.17
C04,control,0,2025-03-11,pre,0,2824.91
C04,control,0,2025-03-12,pre,0,2933.69
C04,control,0,2025-03-13,pre,0,2735.55
C04,control,0,2025-03-14,pre,0,3048.46
C04,control,0,2025-03-15,pre,0,2903.67
C04,control,0,2025-03-16,pre,0,2834.54
C04,control,0,2025-03-17,pre,0,3001.6
C04,control,0,2025-03-18,pre,0,2998.8
C04,control,0,2025-03-19,pre,0,2889.19
C04,control,0,2025-03-20,pre,0,3143.13
C04,control,0,2025-03-21,pre,0,2955.28
C04,control,0,2025-03-22,pre,0,2973.14
C04,control,0,2025-03-23,pre,0,3028.87
C04,control,0,2025-03-24,pre,0,2885.56
C04,control,0,2025-03-25,pre,0,3029.75
C04,control,0,2025-03-26,pre,0,2929.73
C04,control,0,2025-03-27,pre,0,2819.04
C04,control,0,2025-03-28,pre,0,3100.21
C04,control,0,2025-03-29,pre,0,2802.78
C04,control,0,2025-03-30,pre,0,2628.0
C04,control,0,2025-03-31,post,1,2727.16
C04,control,0,2025-04-01,post,1,2888.86
C04,control,0,2025-04-02,post,1,2796.9
C04,control,0,2025-04-03,post,1,2829.47
C04,control,0,2025-04-04,post,1,2671.55
C04,control,0,2025-04-05,post,1,2835.59
C04,control,0,2025-04-06,post,1,2759.49
C04,control,0,2025-04-07,post,1,2704.49
C04,control,0,2025-04-08,post,1,2749.77
C04,control,0,2025-04-09,post,1,2880.5
C04,control,0,2025-04-10,post,1,2736.27
C04,control,0,2025-04-11,post,1,2769.92
C04,control,0,2025-04-12,post,1,2888.72
C04,control,0,2025-04-13,post,1,2700.38
C04,control,0,2025-04-14,post,1,2771.04
C04,control,0,2025-04-15,post,1,2734.3
C04,control,0,2025-04-16,post,1,2553.49
C04,control,0,2025-04-17,post,1,2959.74
C04,control,0,2025-04-18,post,1,2705.29
C04,control,0,2025-04-19,post,1,2599.65
C04,control,0,2025-04-20,post,1,2605.79
C04,control,0,2025-04-21,post,1,2643.82
C04,control,0,2025-04-22,post,1,2800.63
C04,control,0,2025-04-23,post,1,2705.41
C04,control,0,2025-04-24,post,1,2743.82
C04,control,0,2025-04-25,post,1,2791.48
C04,control,0,2025-04-26,post,1,2775.84
C04,control,0,2025-04-27,post,1,2771.86
C05,control,0,2025-02-03,history,0,2691.33
C05,control,0,2025-02-04,history,0,2674.6
C05,control,0,2025-02-05,history,0,2740.34
C05,control,0,2025-02-06,history,0,2845.66
C05,control,0,2025-02-07,history,0,2472.54
C05,control,0,2025-02-08,history,0,2546.36
C05,control,0,2025-02-09,history,0,3063.71
C05,control,0,2025-02-10,history,0,2627.07
C05,control,0,2025-02-11,history,0,2667.91
C05,control,0,2025-02-12,history,0,2969.78
C05,control,0,2025-02-13,history,0,3201.91
C05,control,0,2025-02-14,history,0,2706.61
C05,control,0,2025-02-15,history,0,2760.31
C05,control,0,2025-02-16,history,0,2909.16
C05,control,0,2025-02-17,history,0,3036.03
C05,control,0,2025-02-18,history,0,2630.55
C05,control,0,2025-02-19,history,0,2793.23
C05,control,0,2025-02-20,history,0,2836.28
C05,control,0,2025-02-21,history,0,2905.41
C05,control,0,2025-02-22,history,0,2752.4
C05,control,0,2025-02-23,history,0,2773.38
C05,control,0,2025-02-24,history,0,2594.69
C05,control,0,2025-02-25,history,0,2845.31
C05,control,0,2025-02-26,history,0,2759.3
C05,control,0,2025-02-27,history,0,2802.69
C05,control,0,2025-02-28,history,0,2712.77
C05,control,0,2025-03-01,history,0,2889.06
C05,control,0,2025-03-02,history,0,2943.99
C05,control,0,2025-03-03,pre,0,2981.9
C05,control,0,2025-03-04,pre,0,3095.59
C05,control,0,2025-03-05,pre,0,2843.69
C05,control,0,2025-03-06,pre,0,2507.02
C05,control,0,2025-03-07,pre,0,2695.83
C05,control,0,2025-03-08,pre,0,2680.65
C05,control,0,2025-03-09,pre,0,2777.99
C05,control,0,2025-03-10,pre,0,2697.96
C05,control,0,2025-03-11,pre,0,2826.54
C05,control,0,2025-03-12,pre,0,2776.36
C05,control,0,2025-03-13,pre,0,2535.03
C05,control,0,2025-03-14,pre,0,2886.77
C05,control,0,2025-03-15,pre,0,3054.74
C05,control,0,2025-03-16,pre,0,2817.05
C05,control,0,2025-03-17,pre,0,2683.42
C05,control,0,2025-03-18,pre,0,2760.72
C05,control,0,2025-03-19,pre,0,2844.66
C05,control,0,2025-03-20,pre,0,2569.27
C05,control,0,2025-03-21,pre,0,2835.84
C05,control,0,2025-03-22,pre,0,2730.39
C05,control,0,2025-03-23,pre,0,3026.3
C05,control,0,2025-03-24,pre,0,2746.98
C05,control,0,2025-03-25,pre,0,2981.32
C05,control,0,2025-03-26,pre,0,2669.25
C05,control,0,2025-03-27,pre,0,2746.87
C05,control,0,2025-03-28,pre,0,2782.97
C05,control,0,2025-03-29,pre,0,2631.32
C05,control,0,2025-03-30,pre,0,2746.78
C05,control,0,2025-03-31,post,1,2754.28
C05,control,0,2025-04-01,post,1,2885.24
C05,control,0,2025-04-02,post,1,2416.71
C05,control,0,2025-04-03,post,1,2735.97
C05,control,0,2025-04-04,post,1,2359.01
C05,control,0,2025-04-05,post,1,2705.84
C05,control,0,2025-04-06,post,1,2730.82
C05,control,0,2025-04-07,post,1,2882.25
C05,control,0,2025-04-08,post,1,2906.8
C05,control,0,2025-04-09,post,1,2793.54
C05,control,0,2025-04-10,post,1,2640.64
C05,control,0,2025-04-11,post,1,2752.09
C05,control,0,2025-04-12,post,1,2709.74
C05,control,0,2025-04-13,post,1,2709.96
C05,control,0,2025-04-14,post,1,2763.4
C05,control,0,2025-04-15,post,1,2586.68
C05,control,0,2025-04-16,post,1,2763.12
C05,control,0,2025-04-17,post,1,2832.73
C05,control,0,2025-04-18,post,1,2615.58
C05,control,0,2025-04-19,post,1,2879.91
C05,control,0,2025-04-20,post,1,2779.8
C05,control,0,2025-04-21,post,1,2743.35
C05,control,0,2025-04-22,post,1,2667.67
C05,control,0,2025-04-23,post,1,2599.94
C05,control,0,2025-04-24,post,1,2684.5
C05,control,0,2025-04-25,post,1,2747.01
C05,control,0,2025-04-26,post,1,2585.15
C05,control,0,2025-04-27,post,1,2751.21
C06,control,0,2025-02-03,history,0,2825.49
C06,control,0,2025-02-04,history,0,2768.37
C06,control,0,2025-02-05,history,0,2839.96
C06,control,0,2025-02-06,history,0,2845.0
C06,control,0,2025-02-07,history,0,2584.91
C06,control,0,2025-02-08,history,0,2748.41
C06,control,0,2025-02-09,history,0,2784.55
C06,control,0,2025-02-10,history,0,3020.76
C06,control,0,2025-02-11,history,0,2976.35
C06,control,0,2025-02-12,history,0,2783.68
C06,control,0,2025-02-13,history,0,2749.76
C06,control,0,2025-02-14,history,0,2701.74
C06,control,0,2025-02-15,history,0,2935.46
C06,control,0,2025-02-16,history,0,2887.72
C06,control,0,2025-02-17,history,0,2874.23
C06,control,0,2025-02-18,history,0,2527.65
C06,control,0,2025-02-19,history,0,2921.98
C06,control,0,2025-02-20,history,0,2785.56
C06,control,0,2025-02-21,history,0,2708.01
C06,control,0,2025-02-22,history,0,2728.98
C06,control,0,2025-02-23,history,0,2809.11
C06,control,0,2025-02-24,history,0,2754.0
C06,control,0,2025-02-25,history,0,2826.85
C06,control,0,2025-02-26,history,0,2766.87
C06,control,0,2025-02-27,history,0,2732.62
C06,control,0,2025-02-28,history,0,2785.74
C06,control,0,2025-03-01,history,0,2997.08
C06,control,0,2025-03-02,history,0,2502.49
C06,control,0,2025-03-03,pre,0,3157.28
C06,control,0,2025-03-04,pre,0,2974.01
C06,control,0,2025-03-05,pre,0,2912.48
C06,control,0,2025-03-06,pre,0,2960.52
C06,control,0,2025-03-07,pre,0,2847.99
C06,control,0,2025-03-08,pre,0,2897.11
C06,control,0,2025-03-09,pre,0,3014.18
C06,control,0,2025-03-10,pre,0,2850.07
C06,control,0,2025-03-11,pre,0,2786.3
C06,control,0,2025-03-12,pre,0,2994.45
C06,control,0,2025-03-13,pre,0,2874.82
C06,control,0,2025-03-14,pre,0,2718.28
C06,control,0,2025-03-15,pre,0,3125.79
C06,control,0,2025-03-16,pre,0,3052.29
C06,control,0,2025-03-17,pre,0,2861.42
C06,control,0,2025-03-18,pre,0,2842.92
C06,control,0,2025-03-19,pre,0,3094.31
C06,control,0,2025-03-20,pre,0,3042.06
C06,control,0,2025-03-21,pre,0,3325.21
C06,control,0,2025-03-22,pre,0,3050.85
C06,control,0,2025-03-23,pre,0,3074.27
C06,control,0,2025-03-24,pre,0,2971.04
C06,control,0,2025-03-25,pre,0,3102.37
C06,control,0,2025-03-26,pre,0,3099.9
C06,control,0,2025-03-27,pre,0,3049.79
C06,control,0,2025-03-28,pre,0,2905.27
C06,control,0,2025-03-29,pre,0,2906.54
C06,control,0,2025-03-30,pre,0,2891.19
C06,control,0,2025-03-31,post,1,2733.5
C06,control,0,2025-04-01,post,1,2964.23
C06,control,0,2025-04-02,post,1,2860.23
C06,control,0,2025-04-03,post,1,3250.54
C06,control,0,2025-04-04,post,1,2632.77
C06,control,0,2025-04-05,post,1,3055.57
C06,control,0,2025-04-06,post,1,2926.77
C06,control,0,2025-04-07,post,1,2983.54
C06,control,0,2025-04-08,post,1,2955.9
C06,control,0,2025-04-09,post,1,2999.99
C06,control,0,2025-04-10,post,1,2859.66
C06,control,0,2025-04-11,post,1,3045.77
C06,control,0,2025-04-12,post,1,2895.72
C06,control,0,2025-04-13,post,1,3023.41
C06,control,0,2025-04-14,post,1,2745.16
C06,control,0,2025-04-15,post,1,2823.8
C06,control,0,2025-04-16,post,1,2715.22
C06,control,0,2025-04-17,post,1,2983.46
C06,control,0,2025-04-18,post,1,3080.98
C06,control,0,2025-04-19,post,1,2931.17
C06,control,0,2025-04-20,post,1,2849.76
C06,control,0,2025-04-21,post,1,2774.78
C06,control,0,2025-04-22,post,1,2909.04
C06,control,0,2025-04-23,post,1,2689.33
C06,control,0,2025-04-24,post,1,2816.88
C06,control,0,2025-04-25,post,1,2886.52
C06,control,0,2025-04-26,post,1,3035.52
C06,control,0,2025-04-27,post,1,3213.22
C07,control,0,2025-02-03,history,0,2855.02
C07,control,0,2025-02-04,history,0,2823.94
C07,control,0,2025-02-05,history,0,2945.7
C07,control,0,2025-02-06,history,0,2876.96
C07,control,0,2025-02-07,history,0,2537.29
C07,control,0,2025-02-08,history,0,2826.39
C07,control,0,2025-02-09,history,0,3080.11
C07,control,0,2025-02-10,history,0,2662.12
C07,control,0,2025-02-11,history,0,2967.81
C07,control,0,2025-02-12,history,0,2774.55
C07,control,0,2025-02-13,history,0,2910.56
C07,control,0,2025-02-14,history,0,2785.48
C07,control,0,2025-02-15,history,0,2828.98
C07,control,0,2025-02-16,history,0,3088.8
C07,control,0,2025-02-17,history,0,2963.13
C07,control,0,2025-02-18,history,0,3021.48
C07,control,0,2025-02-19,history,0,3028.57
C07,control,0,2025-02-20,history,0,2860.31
C07,control,0,2025-02-21,history,0,3127.14
C07,control,0,2025-02-22,history,0,2914.84
C07,control,0,2025-02-23,history,0,2953.42
C07,control,0,2025-02-24,history,0,2788.71
C07,control,0,2025-02-25,history,0,2946.5
C07,control,0,2025-02-26,history,0,2772.19
C07,control,0,2025-02-27,history,0,2958.21
C07,control,0,2025-02-28,history,0,2702.63
C07,control,0,2025-03-01,history,0,2990.98
C07,control,0,2025-03-02,history,0,2864.21
C07,control,0,2025-03-03,pre,0,2823.98
C07,control,0,2025-03-04,pre,0,2909.97
C07,control,0,2025-03-05,pre,0,2777.76
C07,control,0,2025-03-06,pre,0,2628.96
C07,control,0,2025-03-07,pre,0,2711.27
C07,control,0,2025-03-08,pre,0,2626.0
C07,control,0,2025-03-09,pre,0,2855.52
C07,control,0,2025-03-10,pre,0,2501.84
C07,control,0,2025-03-11,pre,0,2598.28
C07,control,0,2025-03-12,pre,0,2560.02
C07,control,0,2025-03-13,pre,0,2376.41
C07,control,0,2025-03-14,pre,0,2627.72
C07,control,0,2025-03-15,pre,0,2639.1
C07,control,0,2025-03-16,pre,0,2712.78
C07,control,0,2025-03-17,pre,0,2797.94
C07,control,0,2025-03-18,pre,0,2688.84
C07,control,0,2025-03-19,pre,0,2587.62
C07,control,0,2025-03-20,pre,0,2710.61
C07,control,0,2025-03-21,pre,0,2882.51
C07,control,0,2025-03-22,pre,0,2600.62
C07,control,0,2025-03-23,pre,0,2635.78
C07,control,0,2025-03-24,pre,0,2775.4
C07,control,0,2025-03-25,pre,0,2695.08
C07,control,0,2025-03-26,pre,0,2819.89
C07,control,0,2025-03-27,pre,0,2615.25
C07,control,0,2025-03-28,pre,0,2769.34
C07,control,0,2025-03-29,pre,0,2551.89
C07,control,0,2025-03-30,pre,0,2664.54
C07,control,0,2025-03-31,post,1,2848.99
C07,control,0,2025-04-01,post,1,3197.82
C07,control,0,2025-04-02,post,1,2913.19
C07,control,0,2025-04-03,post,1,2975.83
C07,control,0,2025-04-04,post,1,2886.82
C07,control,0,2025-04-05,post,1,2923.22
C07,control,0,2025-04-06,post,1,2958.9
C07,control,0,2025-04-07,post,1,2922.06
C07,control,0,2025-04-08,post,1,2810.79
C07,control,0,2025-04-09,post,1,2798.25
C07,control,0,2025-04-10,post,1,2993.35
C07,control,0,2025-04-11,post,1,2874.94
C07,control,0,2025-04-12,post,1,2915.83
C07,control,0,2025-04-13,post,1,2925.43
C07,control,0,2025-04-14,post,1,2954.74
C07,control,0,2025-04-15,post,1,2889.53
C07,control,0,2025-04-16,post,1,2801.99
C07,control,0,2025-04-17,post,1,3112.87
C07,control,0,2025-04-18,post,1,3133.93
C07,control,0,2025-04-19,post,1,3036.66
C07,control,0,2025-04-20,post,1,3027.09
C07,control,0,2025-04-21,post,1,3094.43
C07,control,0,2025-04-22,post,1,3109.03
C07,control,0,2025-04-23,post,1,2991.02
C07,control,0,2025-04-24,post,1,3035.09
C07,control,0,2025-04-25,post,1,2958.53
C07,control,0,2025-04-26,post,1,2782.42
C07,control,0,2025-04-27,post,1,2997.07
C08,control,0,2025-02-03,history,0,2756.64
C08,control,0,2025-02-04,history,0,2625.51
C08,control,0,2025-02-05,history,0,2861.31
C08,control,0,2025-02-06,history,0,2741.93
C08,control,0,2025-02-07,history,0,2292.1
C08,control,0,2025-02-08,history,0,2511.64
C08,control,0,2025-02-09,history,0,2464.83
C08,control,0,2025-02-10,history,0,2516.63
C08,control,0,2025-02-11,history,0,2778.14
C08,control,0,2025-02-12,history,0,2623.12
C08,control,0,2025-02-13,history,0,2566.7
C08,control,0,2025-02-14,history,0,2522.82
C08,control,0,2025-02-15,history,0,2605.7
C08,control,0,2025-02-16,history,0,2519.45
C08,control,0,2025-02-17,history,0,2545.32
C08,control,0,2025-02-18,history,0,2583.69
C08,control,0,2025-02-19,history,0,2758.57
C08,control,0,2025-02-20,history,0,2613.32
C08,control,0,2025-02-21,history,0,2375.56
C08,control,0,2025-02-22,history,0,2631.33
C08,control,0,2025-02-23,history,0,2595.36
C08,control,0,2025-02-24,history,0,2606.61
C08,control,0,2025-02-25,history,0,2865.1
C08,control,0,2025-02-26,history,0,2340.94
C08,control,0,2025-02-27,history,0,2501.17
C08,control,0,2025-02-28,history,0,2647.58
C08,control,0,2025-03-01,history,0,2439.95
C08,control,0,2025-03-02,history,0,2796.84
C08,control,0,2025-03-03,pre,0,2593.0
C08,control,0,2025-03-04,pre,0,2473.47
C08,control,0,2025-03-05,pre,0,2534.4
C08,control,0,2025-03-06,pre,0,2651.43
C08,control,0,2025-03-07,pre,0,2520.67
C08,control,0,2025-03-08,pre,0,2422.02
C08,control,0,2025-03-09,pre,0,2618.94
C08,control,0,2025-03-10,pre,0,2796.62
C08,control,0,2025-03-11,pre,0,2313.0
C08,control,0,2025-03-12,pre,0,2363.52
C08,control,0,2025-03-13,pre,0,2433.31
C08,control,0,2025-03-14,pre,0,2807.9
C08,control,0,2025-03-15,pre,0,2672.03
C08,control,0,2025-03-16,pre,0,2718.19
C08,control,0,2025-03-17,pre,0,2416.77
C08,control,0,2025-03-18,pre,0,2473.11
C08,control,0,2025-03-19,pre,0,2654.26
C08,control,0,2025-03-20,pre,0,2613.64
C08,control,0,2025-03-21,pre,0,2711.66
C08,control,0,2025-03-22,pre,0,2584.42
C08,control,0,2025-03-23,pre,0,2667.63
C08,control,0,2025-03-24,pre,0,2616.55
C08,control,0,2025-03-25,pre,0,2704.2
C08,control,0,2025-03-26,pre,0,2728.24
C08,control,0,2025-03-27,pre,0,2311.71
C08,control,0,2025-03-28,pre,0,2304.67
C08,control,0,2025-03-29,pre,0,2685.51
C08,control,0,2025-03-30,pre,0,2697.72
C08,control,0,2025-03-31,post,1,2274.37
C08,control,0,2025-04-01,post,1,2447.92
C08,control,0,2025-04-02,post,1,2558.05
C08,control,0,2025-04-03,post,1,2612.5
C08,control,0,2025-04-04,post,1,2531.09
C08,control,0,2025-04-05,post,1,2400.88
C08,control,0,2025-04-06,post,1,2325.07
C08,control,0,2025-04-07,post,1,2459.89
C08,control,0,2025-04-08,post,1,2508.49
C08,control,0,2025-04-09,post,1,2510.65
C08,control,0,2025-04-10,post,1,2568.69
C08,control,0,2025-04-11,post,1,2382.48
C08,control,0,2025-04-12,post,1,2547.3
C08,control,0,2025-04-13,post,1,2323.46
C08,control,0,2025-04-14,post,1,2431.07
C08,control,0,2025-04-15,post,1,2385.95
C08,control,0,2025-04-16,post,1,2308.43
C08,control,0,2025-04-17,post,1,2455.1
C08,control,0,2025-04-18,post,1,2440.02
C08,control,0,2025-04-19,post,1,2462.58
C08,control,0,2025-04-20,post,1,2640.5
C08,control,0,2025-04-21,post,1,2451.27
C08,control,0,2025-04-22,post,1,2461.84
C08,control,0,2025-04-23,post,1,2183.32
C08,control,0,2025-04-24,post,1,2373.67
C08,control,0,2025-04-25,post,1,2382.29
C08,control,0,2025-04-26,post,1,2349.49
C08,control,0,2025-04-27,post,1,2596.47
C09,control,0,2025-02-03,history,0,2546.6
C09,control,0,2025-02-04,history,0,2523.31
C09,control,0,2025-02-05,history,0,2460.63
C09,control,0,2025-02-06,history,0,2638.2
C09,control,0,2025-02-07,history,0,2495.27
C09,control,0,2025-02-08,history,0,2433.93
C09,control,0,2025-02-09,history,0,2519.92
C09,control,0,2025-02-10,history,0,2497.58
C09,control,0,2025-02-11,history,0,2379.51
C09,control,0,2025-02-12,history,0,2415.23
C09,control,0,2025-02-13,history,0,2518.58
C09,control,0,2025-02-14,history,0,2576.79
C09,control,0,2025-02-15,history,0,2608.06
C09,control,0,2025-02-16,history,0,2424.73
C09,control,0,2025-02-17,history,0,2497.17
C09,control,0,2025-02-18,history,0,2610.34
C09,control,0,2025-02-19,history,0,2417.01
C09,control,0,2025-02-20,history,0,2327.92
C09,control,0,2025-02-21,history,0,2561.1
C09,control,0,2025-02-22,history,0,2582.45
C09,control,0,2025-02-23,history,0,2474.4
C09,control,0,2025-02-24,history,0,2602.74
C09,control,0,2025-02-25,history,0,2660.29
C09,control,0,2025-02-26,history,0,2575.86
C09,control,0,2025-02-27,history,0,2524.91
C09,control,0,2025-02-28,history,0,2742.31
C09,control,0,2025-03-01,history,0,2491.44
C09,control,0,2025-03-02,history,0,2265.62
C09,control,0,2025-03-03,pre,0,2222.04
C09,control,0,2025-03-04,pre,0,2122.42
C09,control,0,2025-03-05,pre,0,2460.14
C09,control,0,2025-03-06,pre,0,2407.07
C09,control,0,2025-03-07,pre,0,2504.73
C09,control,0,2025-03-08,pre,0,2332.88
C09,control,0,2025-03-09,pre,0,2312.11
C09,control,0,2025-03-10,pre,0,2280.32
C09,control,0,2025-03-11,pre,0,2314.29
C09,control,0,2025-03-12,pre,0,2233.43
C09,control,0,2025-03-13,pre,0,2148.48
C09,control,0,2025-03-14,pre,0,2604.64
C09,control,0,2025-03-15,pre,0,2578.57
C09,control,0,2025-03-16,pre,0,2488.67
C09,control,0,2025-03-17,pre,0,2169.32
C09,control,0,2025-03-18,pre,0,2436.28
C09,control,0,2025-03-19,pre,0,2403.51
C09,control,0,2025-03-20,pre,0,2385.98
C09,control,0,2025-03-21,pre,0,2522.0
C09,control,0,2025-03-22,pre,0,2409.41
C09,control,0,2025-03-23,pre,0,2449.29
C09,control,0,2025-03-24,pre,0,2400.24
C09,control,0,2025-03-25,pre,0,2377.99
C09,control,0,2025-03-26,pre,0,2143.6
C09,control,0,2025-03-27,pre,0,2242.36
C09,control,0,2025-03-28,pre,0,2233.83
C09,control,0,2025-03-29,pre,0,2137.95
C09,control,0,2025-03-30,pre,0,2483.24
C09,control,0,2025-03-31,post,1,1987.03
C09,control,0,2025-04-01,post,1,2267.64
C09,control,0,2025-04-02,post,1,1978.78
C09,control,0,2025-04-03,post,1,2085.89
C09,control,0,2025-04-04,post,1,1911.7
C09,control,0,2025-04-05,post,1,2003.69
C09,control,0,2025-04-06,post,1,2239.35
C09,control,0,2025-04-07,post,1,1780.15
C09,control,0,2025-04-08,post,1,1825.82
C09,control,0,2025-04-09,post,1,2005.75
C09,control,0,2025-04-10,post,1,2004.15
C09,control,0,2025-04-11,post,1,2078.4
C09,control,0,2025-04-12,post,1,2131.58
C09,control,0,2025-04-13,post,1,1965.74
C09,control,0,2025-04-14,post,1,2069.07
C09,control,0,2025-04-15,post,1,2078.96
C09,control,0,2025-04-16,post,1,1990.25
C09,control,0,2025-04-17,post,1,2168.68
C09,control,0,2025-04-18,post,1,2064.59
C09,control,0,2025-04-19,post,1,1997.38
C09,control,0,2025-04-20,post,1,2081.43
C09,control,0,2025-04-21,post,1,2046.12
C09,control,0,2025-04-22,post,1,2061.03
C09,control,0,2025-04-23,post,1,2181.52
C09,control,0,2025-04-24,post,1,1756.63
C09,control,0,2025-04-25,post,1,1813.49
C09,control,0,2025-04-26,post,1,1859.1
C09,control,0,2025-04-27,post,1,1956.83
C10,control,0,2025-02-03,history,0,2815.16
C10,control,0,2025-02-04,history,0,2487.05
C10,control,0,2025-02-05,history,0,2662.34
C10,control,0,2025-02-06,history,0,2817.95
C10,control,0,2025-02-07,history,0,2295.04
C10,control,0,2025-02-08,history,0,2376.04
C10,control,0,2025-02-09,history,0,2419.89
C10,control,0,2025-02-10,history,0,2490.1
C10,control,0,2025-02-11,history,0,2656.12
C10,control,0,2025-02-12,history,0,2616.09
C10,control,0,2025-02-13,history,0,2690.29
C10,control,0,2025-02-14,history,0,2481.51
C10,control,0,2025-02-15,history,0,2331.12
C10,control,0,2025-02-16,history,0,2678.53
C10,control,0,2025-02-17,history,0,2575.81
C10,control,0,2025-02-18,history,0,2607.94
C10,control,0,2025-02-19,history,0,2710.73
C10,control,0,2025-02-20,history,0,2563.43
C10,control,0,2025-02-21,history,0,2748.29
C10,control,0,2025-02-22,history,0,2628.88
C10,control,0,2025-02-23,history,0,2656.89
C10,control,0,2025-02-24,history,0,2478.95
C10,control,0,2025-02-25,history,0,2656.17
C10,control,0,2025-02-26,history,0,2618.71
C10,control,0,2025-02-27,history,0,2677.14
C10,control,0,2025-02-28,history,0,2535.99
C10,control,0,2025-03-01,history,0,2698.85
C10,control,0,2025-03-02,history,0,2594.4
C10,control,0,2025-03-03,pre,0,2803.61
C10,control,0,2025-03-04,pre,0,2760.32
C10,control,0,2025-03-05,pre,0,2730.49
C10,control,0,2025-03-06,pre,0,2709.06
C10,control,0,2025-03-07,pre,0,2542.08
C10,control,0,2025-03-08,pre,0,2546.88
C10,control,0,2025-03-09,pre,0,2477.11
C10,control,0,2025-03-10,pre,0,2686.75
C10,control,0,2025-03-11,pre,0,2571.78
C10,control,0,2025-03-12,pre,0,2364.64
C10,control,0,2025-03-13,pre,0,2515.76
C10,control,0,2025-03-14,pre,0,2600.84
C10,control,0,2025-03-15,pre,0,2831.67
C10,control,0,2025-03-16,pre,0,2711.26
C10,control,0,2025-03-17,pre,0,2532.81
C10,control,0,2025-03-18,pre,0,2615.15
C10,control,0,2025-03-19,pre,0,2583.67
C10,control,0,2025-03-20,pre,0,2560.14
C10,control,0,2025-03-21,pre,0,2493.76
C10,control,0,2025-03-22,pre,0,2566.66
C10,control,0,2025-03-23,pre,0,2522.57
C10,control,0,2025-03-24,pre,0,2425.39
C10,control,0,2025-03-25,pre,0,2650.06
C10,control,0,2025-03-26,pre,0,2656.2
C10,control,0,2025-03-27,pre,0,2269.53
C10,control,0,2025-03-28,pre,0,2537.47
C10,control,0,2025-03-29,pre,0,2662.63
C10,control,0,2025-03-30,pre,0,2660.14
C10,control,0,2025-03-31,post,1,2472.84
C10,control,0,2025-04-01,post,1,2428.71
C10,control,0,2025-04-02,post,1,2349.73
C10,control,0,2025-04-03,post,1,2474.69
C10,control,0,2025-04-04,post,1,2713.82
C10,control,0,2025-04-05,post,1,2716.01
C10,control,0,2025-04-06,post,1,2480.25
C10,control,0,2025-04-07,post,1,2511.44
C10,control,0,2025-04-08,post,1,2424.67
C10,control,0,2025-04-09,post,1,2338.52
C10,control,0,2025-04-10,post,1,2484.95
C10,control,0,2025-04-11,post,1,2372.41
C10,control,0,2025-04-12,post,1,2561.19
C10,control,0,2025-04-13,post,1,2316.39
C10,control,0,2025-04-14,post,1,2351.92
C10,control,0,2025-04-15,post,1,2469.74
C10,control,0,2025-04-16,post,1,2508.68
C10,control,0,2025-04-17,post,1,2599.82
C10,control,0,2025-04-18,post,1,2369.98
C10,control,0,2025-04-19,post,1,2663.89
C10,control,0,2025-04-20,post,1,2398.24
C10,control,0,2025-04-21,post,1,2605.35
C10,control,0,2025-04-22,post,1,2556.16
C10,control,0,2025-04-23,post,1,2336.17
C10,control,0,2025-04-24,post,1,2509.36
C10,control,0,2025-04-25,post,1,2524.03
C10,control,0,2025-04-26,post,1,2571.67
C10,control,0,2025-04-27,post,1,2480.07
C11,control,0,2025-02-03,history,0,2045.88
C11,control,0,2025-02-04,history,0,2078.85
C11,control,0,2025-02-05,history,0,1847.57
C11,control,0,2025-02-06,history,0,1942.56
C11,control,0,2025-02-07,history,0,1746.78
C11,control,0,2025-02-08,history,0,1683.54
C11,control,0,2025-02-09,history,0,1967.98
C11,control,0,2025-02-10,history,0,2112.66
C11,control,0,2025-02-11,history,0,2006.51
C11,control,0,2025-02-12,history,0,2014.26
C11,control,0,2025-02-13,history,0,2225.18
C11,control,0,2025-02-14,history,0,2247.7
C11,control,0,2025-02-15,history,0,2037.37
C11,control,0,2025-02-16,history,0,2271.77
C11,control,0,2025-02-17,history,0,2080.81
C11,control,0,2025-02-18,history,0,1889.66
C11,control,0,2025-02-19,history,0,1992.5
C11,control,0,2025-02-20,history,0,1806.51
C11,control,0,2025-02-21,history,0,1987.84
C11,control,0,2025-02-22,history,0,1995.75
C11,control,0,2025-02-23,history,0,2127.04
C11,control,0,2025-02-24,history,0,2207.34
C11,control,0,2025-02-25,history,0,1949.2
C11,control,0,2025-02-26,history,0,2079.57
C11,control,0,2025-02-27,history,0,1891.14
C11,control,0,2025-02-28,history,0,2077.54
C11,control,0,2025-03-01,history,0,2057.91
C11,control,0,2025-03-02,history,0,1843.92
C11,control,0,2025-03-03,pre,0,2410.13
C11,control,0,2025-03-04,pre,0,2292.78
C11,control,0,2025-03-05,pre,0,2289.35
C11,control,0,2025-03-06,pre,0,2107.83
C11,control,0,2025-03-07,pre,0,2272.88
C11,control,0,2025-03-08,pre,0,2258.95
C11,control,0,2025-03-09,pre,0,2453.7
C11,control,0,2025-03-10,pre,0,2462.0
C11,control,0,2025-03-11,pre,0,2239.56
C11,control,0,2025-03-12,pre,0,2062.55
C11,control,0,2025-03-13,pre,0,2174.5
C11,control,0,2025-03-14,pre,0,2327.36
C11,control,0,2025-03-15,pre,0,2282.61
C11,control,0,2025-03-16,pre,0,2225.5
C11,control,0,2025-03-17,pre,0,2252.68
C11,control,0,2025-03-18,pre,0,2215.72
C11,control,0,2025-03-19,pre,0,2193.89
C11,control,0,2025-03-20,pre,0,2312.76
C11,control,0,2025-03-21,pre,0,2266.31
C11,control,0,2025-03-22,pre,0,2304.97
C11,control,0,2025-03-23,pre,0,2335.78
C11,control,0,2025-03-24,pre,0,2129.58
C11,control,0,2025-03-25,pre,0,2221.86
C11,control,0,2025-03-26,pre,0,2472.67
C11,control,0,2025-03-27,pre,0,2035.38
C11,control,0,2025-03-28,pre,0,1989.08
C11,control,0,2025-03-29,pre,0,2010.62
C11,control,0,2025-03-30,pre,0,2227.42
C11,control,0,2025-03-31,post,1,2383.64
C11,control,0,2025-04-01,post,1,2426.93
C11,control,0,2025-04-02,post,1,2133.58
C11,control,0,2025-04-03,post,1,2364.44
C11,control,0,2025-04-04,post,1,2347.42
C11,control,0,2025-04-05,post,1,2431.5
C11,control,0,2025-04-06,post,1,2078.74
C11,control,0,2025-04-07,post,1,2140.32
C11,control,0,2025-04-08,post,1,2437.2
C11,control,0,2025-04-09,post,1,2136.94
C11,control,0,2025-04-10,post,1,2036.7
C11,control,0,2025-04-11,post,1,2130.25
C11,control,0,2025-04-12,post,1,2318.24
C11,control,0,2025-04-13,post,1,2192.57
C11,control,0,2025-04-14,post,1,2061.72
C11,control,0,2025-04-15,post,1,2067.43
C11,control,0,2025-04-16,post,1,2075.68
C11,control,0,2025-04-17,post,1,2140.62
C11,control,0,2025-04-18,post,1,2498.67
C11,control,0,2025-04-19,post,1,2293.46
C11,control,0,2025-04-20,post,1,2297.11
C11,control,0,2025-04-21,post,1,2167.16
C11,control,0,2025-04-22,post,1,2231.55
C11,control,0,2025-04-23,post,1,2112.15
C11,control,0,2025-04-24,post,1,1925.53
C11,control,0,2025-04-25,post,1,2011.26
C11,control,0,2025-04-26,post,1,1977.28
C11,control,0,2025-04-27,post,1,1923.45
C12,control,0,2025-02-03,history,0,2255.46
C12,control,0,2025-02-04,history,0,1990.78
C12,control,0,2025-02-05,history,0,2106.74
C12,control,0,2025-02-06,history,0,2053.85
C12,control,0,2025-02-07,history,0,1930.21
C12,control,0,2025-02-08,history,0,2099.0
C12,control,0,2025-02-09,history,0,2110.74
C12,control,0,2025-02-10,history,0,2146.25
C12,control,0,2025-02-11,history,0,2168.21
C12,control,0,2025-02-12,history,0,2233.08
C12,control,0,2025-02-13,history,0,2137.41
C12,control,0,2025-02-14,history,0,1995.23
C12,control,0,2025-02-15,history,0,2257.81
C12,control,0,2025-02-16,history,0,2153.64
C12,control,0,2025-02-17,history,0,2287.59
C12,control,0,2025-02-18,history,0,2120.23
C12,control,0,2025-02-19,history,0,2132.17
C12,control,0,2025-02-20,history,0,2110.1
C12,control,0,2025-02-21,history,0,2412.61
C12,control,0,2025-02-22,history,0,2372.03
C12,control,0,2025-02-23,history,0,2123.02
C12,control,0,2025-02-24,history,0,2104.15
C12,control,0,2025-02-25,history,0,2328.28
C12,control,0,2025-02-26,history,0,2015.03
C12,control,0,2025-02-27,history,0,2140.05
C12,control,0,2025-02-28,history,0,2101.55
C12,control,0,2025-03-01,history,0,2195.39
C12,control,0,2025-03-02,history,0,2047.71
C12,control,0,2025-03-03,pre,0,1822.77
C12,control,0,2025-03-04,pre,0,1806.03
C12,control,0,2025-03-05,pre,0,2068.5
C12,control,0,2025-03-06,pre,0,1449.17
C12,control,0,2025-03-07,pre,0,1811.08
C12,control,0,2025-03-08,pre,0,1932.84
C12,control,0,2025-03-09,pre,0,1695.92
C12,control,0,2025-03-10,pre,0,1816.46
C12,control,0,2025-03-11,pre,0,1697.11
C12,control,0,2025-03-12,pre,0,1636.57
C12,control,0,2025-03-13,pre,0,1705.68
C12,control,0,2025-03-14,pre,0,2004.63
C12,control,0,2025-03-15,pre,0,2059.38
C12,control,0,2025-03-16,pre,0,1786.58
C12,control,0,2025-03-17,pre,0,1982.98
C12,control,0,2025-03-18,pre,0,1812.5
C12,control,0,2025-03-19,pre,0,2011.74
C12,control,0,2025-03-20,pre,0,1796.22
C12,control,0,2025-03-21,pre,0,1862.31
C12,control,0,2025-03-22,pre,0,1851.57
C12,control,0,2025-03-23,pre,0,2216.5
C12,control,0,2025-03-24,pre,0,1900.51
C12,control,0,2025-03-25,pre,0,1726.77
C12,control,0,2025-03-26,pre,0,1948.46
C12,control,0,2025-03-27,pre,0,1663.45
C12,control,0,2025-03-28,pre,0,1716.35
C12,control,0,2025-03-29,pre,0,1875.11
C12,control,0,2025-03-30,pre,0,1759.7
C12,control,0,2025-03-31,post,1,1820.38
C12,control,0,2025-04-01,post,1,2229.03
C12,control,0,2025-04-02,post,1,1923.05
C12,control,0,2025-04-03,post,1,2193.3
C12,control,0,2025-04-04,post,1,1928.68
C12,control,0,2025-04-05,post,1,2054.15
C12,control,0,2025-04-06,post,1,1881.99
C12,control,0,2025-04-07,post,1,2078.38
C12,control,0,2025-04-08,post,1,2110.45
C12,control,0,2025-04-09,post,1,1958.74
C12,control,0,2025-04-10,post,1,2026.56
C12,control,0,2025-04-11,post,1,2020.54
C12,control,0,2025-04-12,post,1,1965.87
C12,control,0,2025-04-13,post,1,1834.12
C12,control,0,2025-04-14,post,1,1761.7
C12,control,0,2025-04-15,post,1,1922.72
C12,control,0,2025-04-16,post,1,1964.41
C12,control,0,2025-04-17,post,1,1915.06
C12,control,0,2025-04-18,post,1,1992.07
C12,control,0,2025-04-19,post,1,2090.23
C12,control,0,2025-04-20,post,1,2028.88
C12,control,0,2025-04-21,post,1,2176.07
C12,control,0,2025-04-22,post,1,2171.11
C12,control,0,2025-04-23,post,1,1841.62
C12,control,0,2025-04-24,post,1,2209.77
C12,control,0,2025-04-25,post,1,1876.9
C12,control,0,2025-04-26,post,1,2083.94
C12,control,0,2025-04-27,post,1,1965.59
C13,control,0,2025-02-03,history,0,1996.86
C13,control,0,2025-02-04,history,0,1858.17
C13,control,0,2025-02-05,history,0,2080.27
C13,control,0,2025-02-06,history,0,2170.72
C13,control,0,2025-02-07,history,0,2017.08
C13,control,0,2025-02-08,history,0,2323.66
C13,control,0,2025-02-09,history,0,2309.72
C13,control,0,2025-02-10,history,0,2034.9
C13,control,0,2025-02-11,history,0,2210.04
C13,control,0,2025-02-12,history,0,2069.3
C13,control,0,2025-02-13,history,0,2187.97
C13,control,0,2025-02-14,history,0,2238.23
C13,control,0,2025-02-15,history,0,2247.59
C13,control,0,2025-02-16,history,0,2196.25
C13,control,0,2025-02-17,history,0,2325.04
C13,control,0,2025-02-18,history,0,1980.74
C13,control,0,2025-02-19,history,0,2192.21
C13,control,0,2025-02-20,history,0,2423.52
C13,control,0,2025-02-21,history,0,2248.8
C13,control,0,2025-02-22,history,0,2338.32
C13,control,0,2025-02-23,history,0,2169.22
C13,control,0,2025-02-24,history,0,2198.17
C13,control,0,2025-02-25,history,0,2235.87
C13,control,0,2025-02-26,history,0,2139.61
C13,control,0,2025-02-27,history,0,2050.09
C13,control,0,2025-02-28,history,0,2199.84
C13,control,0,2025-03-01,history,0,2099.08
C13,control,0,2025-03-02,history,0,2271.12
C13,control,0,2025-03-03,pre,0,2360.81
C13,control,0,2025-03-04,pre,0,2330.15
C13,control,0,2025-03-05,pre,0,2471.51
C13,control,0,2025-03-06,pre,0,2329.23
C13,control,0,2025-03-07,pre,0,2039.45
C13,control,0,2025-03-08,pre,0,2333.78
C13,control,0,2025-03-09,pre,0,2221.73
C13,control,0,2025-03-10,pre,0,2197.28
C13,control,0,2025-03-11,pre,0,2288.77
C13,control,0,2025-03-12,pre,0,2262.29
C13,control,0,2025-03-13,pre,0,2169.93
C13,control,0,2025-03-14,pre,0,2441.38
C13,control,0,2025-03-15,pre,0,2186.15
C13,control,0,2025-03-16,pre,0,2286.37
C13,control,0,2025-03-17,pre,0,2192.5
C13,control,0,2025-03-18,pre,0,2310.96
C13,control,0,2025-03-19,pre,0,2343.08
C13,control,0,2025-03-20,pre,0,2194.79
C13,control,0,2025-03-21,pre,0,2441.82
C13,control,0,2025-03-22,pre,0,2323.59
C13,control,0,2025-03-23,pre,0,2116.32
C13,control,0,2025-03-24,pre,0,2071.64
C13,control,0,2025-03-25,pre,0,2318.49
C13,control,0,2025-03-26,pre,0,2313.98
C13,control,0,2025-03-27,pre,0,2202.78
C13,control,0,2025-03-28,pre,0,2280.08
C13,control,0,2025-03-29,pre,0,2301.46
C13,control,0,2025-03-30,pre,0,2378.0
C13,control,0,2025-03-31,post,1,2312.82
C13,control,0,2025-04-01,post,1,2251.55
C13,control,0,2025-04-02,post,1,2306.24
C13,control,0,2025-04-03,post,1,2249.75
C13,control,0,2025-04-04,post,1,2393.89
C13,control,0,2025-04-05,post,1,2540.7
C13,control,0,2025-04-06,post,1,2292.92
C13,control,0,2025-04-07,post,1,2450.19
C13,control,0,2025-04-08,post,1,2334.41
C13,control,0,2025-04-09,post,1,2350.96
C13,control,0,2025-04-10,post,1,2450.8
C13,control,0,2025-04-11,post,1,2346.42
C13,control,0,2025-04-12,post,1,2639.02
C13,control,0,2025-04-13,post,1,2309.44
C13,control,0,2025-04-14,post,1,2422.16
C13,control,0,2025-04-15,post,1,2322.47
C13,control,0,2025-04-16,post,1,2419.11
C13,control,0,2025-04-17,post,1,2354.95
C13,control,0,2025-04-18,post,1,2381.38
C13,control,0,2025-04-19,post,1,2406.35
C13,control,0,2025-04-20,post,1,2252.82
C13,control,0,2025-04-21,post,1,2467.74
C13,control,0,2025-04-22,post,1,2494.35
C13,control,0,2025-04-23,post,1,2431.45
C13,control,0,2025-04-24,post,1,2590.62
C13,control,0,2025-04-25,post,1,2512.99
C13,control,0,2025-04-26,post,1,2312.01
C13,control,0,2025-04-27,post,1,2400.64
C14,control,0,2025-02-03,history,0,2431.75
C14,control,0,2025-02-04,history,0,2264.82
C14,control,0,2025-02-05,history,0,2293.91
C14,control,0,2025-02-06,history,0,2394.15
C14,control,0,2025-02-07,history,0,2129.13
C14,control,0,2025-02-08,history,0,2317.37
C14,control,0,2025-02-09,history,0,2071.14
C14,control,0,2025-02-10,history,0,2223.99
C14,control,0,2025-02-11,history,0,2043.33
C14,control,0,2025-02-12,history,0,2052.65
C14,control,0,2025-02-13,history,0,2499.66
C14,control,0,2025-02-14,history,0,2437.33
C14,control,0,2025-02-15,history,0,2200.86
C14,control,0,2025-02-16,history,0,2170.57
C14,control,0,2025-02-17,history,0,1955.54
C14,control,0,2025-02-18,history,0,2166.46
C14,control,0,2025-02-19,history,0,2595.81
C14,control,0,2025-02-20,history,0,2277.89
C14,control,0,2025-02-21,history,0,2268.79
C14,control,0,2025-02-22,history,0,2336.05
C14,control,0,2025-02-23,history,0,2084.83
C14,control,0,2025-02-24,history,0,2206.7
C14,control,0,2025-02-25,history,0,2368.53
C14,control,0,2025-02-26,history,0,2263.63
C14,control,0,2025-02-27,history,0,2352.43
C14,control,0,2025-02-28,history,0,2303.47
C14,control,0,2025-03-01,history,0,2395.37
C14,control,0,2025-03-02,history,0,2222.59
C14,control,0,2025-03-03,pre,0,2265.67
C14,control,0,2025-03-04,pre,0,2259.45
C14,control,0,2025-03-05,pre,0,2371.54
C14,control,0,2025-03-06,pre,0,2384.52
C14,control,0,2025-03-07,pre,0,2492.9
C14,control,0,2025-03-08,pre,0,2273.65
C14,control,0,2025-03-09,pre,0,2110.99
C14,control,0,2025-03-10,pre,0,2237.5
C14,control,0,2025-03-11,pre,0,2267.44
C14,control,0,2025-03-12,pre,0,2256.9
C14,control,0,2025-03-13,pre,0,2275.76
C14,control,0,2025-03-14,pre,0,2417.9
C14,control,0,2025-03-15,pre,0,2381.42
C14,control,0,2025-03-16,pre,0,2532.75
C14,control,0,2025-03-17,pre,0,2253.19
C14,control,0,2025-03-18,pre,0,2284.69
C14,control,0,2025-03-19,pre,0,2438.7
C14,control,0,2025-03-20,pre,0,2203.08
C14,control,0,2025-03-21,pre,0,2473.29
C14,control,0,2025-03-22,pre,0,2399.96
C14,control,0,2025-03-23,pre,0,2397.28
C14,control,0,2025-03-24,pre,0,2568.89
C14,control,0,2025-03-25,pre,0,2316.92
C14,control,0,2025-03-26,pre,0,2659.35
C14,control,0,2025-03-27,pre,0,2259.76
C14,control,0,2025-03-28,pre,0,2201.82
C14,control,0,2025-03-29,pre,0,2354.41
C14,control,0,2025-03-30,pre,0,2206.76
C14,control,0,2025-03-31,post,1,2264.56
C14,control,0,2025-04-01,post,1,2448.4
C14,control,0,2025-04-02,post,1,2231.98
C14,control,0,2025-04-03,post,1,2608.4
C14,control,0,2025-04-04,post,1,2298.57
C14,control,0,2025-04-05,post,1,2309.64
C14,control,0,2025-04-06,post,1,2508.9
C14,control,0,2025-04-07,post,1,2130.6
C14,control,0,2025-04-08,post,1,2156.88
C14,control,0,2025-04-09,post,1,2499.0
C14,control,0,2025-04-10,post,1,2342.23
C14,control,0,2025-04-11,post,1,2358.21
C14,control,0,2025-04-12,post,1,2248.21
C14,control,0,2025-04-13,post,1,2341.63
C14,control,0,2025-04-14,post,1,2519.78
C14,control,0,2025-04-15,post,1,2386.8
C14,control,0,2025-04-16,post,1,2321.09
C14,control,0,2025-04-17,post,1,2333.04
C14,control,0,2025-04-18,post,1,2317.09
C14,control,0,2025-04-19,post,1,2141.82
C14,control,0,2025-04-20,post,1,2361.18
C14,control,0,2025-04-21,post,1,2466.87
C14,control,0,2025-04-22,post,1,2204.36
C14,control,0,2025-04-23,post,1,2257.97
C14,control,0,2025-04-24,post,1,2244.41
C14,control,0,2025-04-25,post,1,2200.34
C14,control,0,2025-04-26,post,1,2340.53
C14,control,0,2025-04-27,post,1,2082.84
T01,test,1,2025-02-03,history,0,1597.52
T01,test,1,2025-02-04,history,0,1917.9
T01,test,1,2025-02-05,history,0,1787.37
T01,test,1,2025-02-06,history,0,1671.68
T01,test,1,2025-02-07,history,0,1695.97
T01,test,1,2025-02-08,history,0,1611.89
T01,test,1,2025-02-09,history,0,1680.45
T01,test,1,2025-02-10,history,0,1751.62
T01,test,1,2025-02-11,history,0,1547.09
T01,test,1,2025-02-12,history,0,1694.25
T01,test,1,2025-02-13,history,0,1985.44
T01,test,1,2025-02-14,history,0,1805.73
T01,test,1,2025-02-15,history,0,1661.94
T01,test,1,2025-02-16,history,0,1709.9
T01,test,1,2025-02-17,history,0,1681.93
T01,test,1,2025-02-18,history,0,1621.09
T01,test,1,2025-02-19,history,0,1679.91
T01,test,1,2025-02-20,history,0,1755.55
T01,test,1,2025-02-21,history,0,1547.84
T01,test,1,2025-02-22,history,0,1803.57
T01,test,1,2025-02-23,history,0,1646.47
T01,test,1,2025-02-24,history,0,1707.5
T01,test,1,2025-02-25,history,0,1641.24
T01,test,1,2025-02-26,history,0,1853.29
T01,test,1,2025-02-27,history,0,1826.9
T01,test,1,2025-02-28,history,0,1797.14
T01,test,1,2025-03-01,history,0,1553.29
T01,test,1,2025-03-02,history,0,1824.54
T01,test,1,2025-03-03,pre,0,1560.73
T01,test,1,2025-03-04,pre,0,1703.27
T01,test,1,2025-03-05,pre,0,1730.3
T01,test,1,2025-03-06,pre,0,1689.15
T01,test,1,2025-03-07,pre,0,1622.8
T01,test,1,2025-03-08,pre,0,1828.63
T01,test,1,2025-03-09,pre,0,1797.92
T01,test,1,2025-03-10,pre,0,1610.49
T01,test,1,2025-03-11,pre,0,1773.88
T01,test,1,2025-03-12,pre,0,1556.8
T01,test,1,2025-03-13,pre,0,1581.46
T01,test,1,2025-03-14,pre,0,1776.86
T01,test,1,2025-03-15,pre,0,1685.76
T01,test,1,2025-03-16,pre,0,1839.9
T01,test,1,2025-03-17,pre,0,1567.3
T01,test,1,2025-03-18,pre,0,1639.83
T01,test,1,2025-03-19,pre,0,1628.41
T01,test,1,2025-03-20,pre,0,1645.42
T01,test,1,2025-03-21,pre,0,1884.36
T01,test,1,2025-03-22,pre,0,1789.04
T01,test,1,2025-03-23,pre,0,1946.1
T01,test,1,2025-03-24,pre,0,1976.34
T01,test,1,2025-03-25,pre,0,1593.83
T01,test,1,2025-03-26,pre,0,1746.5
T01,test,1,2025-03-27,pre,0,1471.6
T01,test,1,2025-03-28,pre,0,1587.68
T01,test,1,2025-03-29,pre,0,1596.34
T01,test,1,2025-03-30,pre,0,1534.98
T01,test,1,2025-03-31,post,1,1273.17
T01,test,1,2025-04-01,post,1,1456.92
T01,test,1,2025-04-02,post,1,1198.81
T01,test,1,2025-04-03,post,1,1577.64
T01,test,1,2025-04-04,post,1,1092.67
T01,test,1,2025-04-05,post,1,1257.8
T01,test,1,2025-04-06,post,1,1152.91
T01,test,1,2025-04-07,post,1,1231.99
T01,test,1,2025-04-08,post,1,1311.55
T01,test,1,2025-04-09,post,1,1388.16
T01,test,1,2025-04-10,post,1,1256.37
T01,test,1,2025-04-11,post,1,1362.36
T01,test,1,2025-04-12,post,1,1279.09
T01,test,1,2025-04-13,post,1,1187.66
T01,test,1,2025-04-14,post,1,1486.94
T01,test,1,2025-04-15,post,1,1218.31
T01,test,1,2025-04-16,post,1,1097.5
T01,test,1,2025-04-17,post,1,1185.52
T01,test,1,2025-04-18,post,1,1134.43
T01,test,1,2025-04-19,post,1,1392.82
T01,test,1,2025-04-20,post,1,1169.64
T01,test,1,2025-04-21,post,1,1263.8
T01,test,1,2025-04-22,post,1,1268.92
T01,test,1,2025-04-23,post,1,1308.22
T01,test,1,2025-04-24,post,1,1164.8
T01,test,1,2025-04-25,post,1,1070.22
T01,test,1,2025-04-26,post,1,1244.14
T01,test,1,2025-04-27,post,1,1288.21
T02,test,1,2025-02-03,history,0,1804.88
T02,test,1,2025-02-04,history,0,1482.99
T02,test,1,2025-02-05,history,0,1780.13
T02,test,1,2025-02-06,history,0,1838.2
T02,test,1,2025-02-07,history,0,1687.68
T02,test,1,2025-02-08,history,0,1681.16
T02,test,1,2025-02-09,history,0,1780.64
T02,test,1,2025-02-10,history,0,1895.88
T02,test,1,2025-02-11,history,0,1884.13
T02,test,1,2025-02-12,history,0,1342.79
T02,test,1,2025-02-13,history,0,1752.69
T02,test,1,2025-02-14,history,0,1764.93
T02,test,1,2025-02-15,history,0,1531.73
T02,test,1,2025-02-16,history,0,1816.95
T02,test,1,2025-02-17,history,0,1915.92
T02,test,1,2025-02-18,history,0,1556.07
T02,test,1,2025-02-19,history,0,1800.51
T02,test,1,2025-02-20,history,0,1570.59
T02,test,1,2025-02-21,history,0,1710.1
T02,test,1,2025-02-22,history,0,1912.31
T02,test,1,2025-02-23,history,0,1661.82
T02,test,1,2025-02-24,history,0,1752.63
T02,test,1,2025-02-25,history,0,1586.82
T02,test,1,2025-02-26,history,0,1952.22
T02,test,1,2025-02-27,history,0,1784.64
T02,test,1,2025-02-28,history,0,1694.99
T02,test,1,2025-03-01,history,0,1839.02
T02,test,1,2025-03-02,history,0,1590.77
T02,test,1,2025-03-03,pre,0,1758.09
T02,test,1,2025-03-04,pre,0,1868.08
T02,test,1,2025-03-05,pre,0,1842.04
T02,test,1,2025-03-06,pre,0,1936.22
T02,test,1,2025-03-07,pre,0,1718.68
T02,test,1,2025-03-08,pre,0,2147.87
T02,test,1,2025-03-09,pre,0,1842.34
T02,test,1,2025-03-10,pre,0,1935.93
T02,test,1,2025-03-11,pre,0,1697.27
T02,test,1,2025-03-12,pre,0,2013.87
T02,test,1,2025-03-13,pre,0,1944.42
T02,test,1,2025-03-14,pre,0,1934.21
T02,test,1,2025-03-15,pre,0,1742.53
T02,test,1,2025-03-16,pre,0,1917.42
T02,test,1,2025-03-17,pre,0,1685.05
T02,test,1,2025-03-18,pre,0,2048.96
T02,test,1,2025-03-19,pre,0,1963.65
T02,test,1,2025-03-20,pre,0,1884.12
T02,test,1,2025-03-21,pre,0,1619.47
T02,test,1,2025-03-22,pre,0,1754.95
T02,test,1,2025-03-23,pre,0,1982.82
T02,test,1,2025-03-24,pre,0,2009.15
T02,test,1,2025-03-25,pre,0,2010.0
T02,test,1,2025-03-26,pre,0,1706.38
T02,test,1,2025-03-27,pre,0,1808.31
T02,test,1,2025-03-28,pre,0,1962.23
T02,test,1,2025-03-29,pre,0,1632.33
T02,test,1,2025-03-30,pre,0,1820.27
T02,test,1,2025-03-31,post,1,1587.12
T02,test,1,2025-04-01,post,1,1556.29
T02,test,1,2025-04-02,post,1,1593.08
T02,test,1,2025-04-03,post,1,1532.56
T02,test,1,2025-04-04,post,1,1400.17
T02,test,1,2025-04-05,post,1,1430.36
T02,test,1,2025-04-06,post,1,1729.63
T02,test,1,2025-04-07,post,1,1674.91
T02,test,1,2025-04-08,post,1,1679.0
T02,test,1,2025-04-09,post,1,1760.99
T02,test,1,2025-04-10,post,1,1880.32
T02,test,1,2025-04-11,post,1,1330.88
T02,test,1,2025-04-12,post,1,1526.6
T02,test,1,2025-04-13,post,1,1478.31
T02,test,1,2025-04-14,post,1,1385.09
T02,test,1,2025-04-15,post,1,1366.42
T02,test,1,2025-04-16,post,1,1472.6
T02,test,1,2025-04-17,post,1,1447.56
T02,test,1,2025-04-18,post,1,1612.48
T02,test,1,2025-04-19,post,1,1611.36
T02,test,1,2025-04-20,post,1,1595.82
T02,test,1,2025-04-21,post,1,1634.17
T02,test,1,2025-04-22,post,1,1673.62
T02,test,1,2025-04-23,post,1,1500.36
T02,test,1,2025-04-24,post,1,1845.67
T02,test,1,2025-04-25,post,1,1552.14
T02,test,1,2025-04-26,post,1,1318.45
T02,test,1,2025-04-27,post,1,1420.54
T03,test,1,2025-02-03,history,0,1646.97
T03,test,1,2025-02-04,history,0,1385.5
T03,test,1,2025-02-05,history,0,1507.32
T03,test,1,2025-02-06,history,0,1484.21
T03,test,1,2025-02-07,history,0,1300.04
T03,test,1,2025-02-08,history,0,1492.01
T03,test,1,2025-02-09,history,0,1525.16
T03,test,1,2025-02-10,history,0,1546.01
T03,test,1,2025-02-11,history,0,1484.72
T03,test,1,2025-02-12,history,0,1497.18
T03,test,1,2025-02-13,history,0,1489.28
T03,test,1,2025-02-14,history,0,1801.01
T03,test,1,2025-02-15,history,0,1302.59
T03,test,1,2025-02-16,history,0,1705.73
T03,test,1,2025-02-17,history,0,1678.98
T03,test,1,2025-02-18,history,0,1332.96
T03,test,1,2025-02-19,history,0,1776.42
T03,test,1,2025-02-20,history,0,1548.7
T03,test,1,2025-02-21,history,0,1656.02
T03,test,1,2025-02-22,history,0,1487.15
T03,test,1,2025-02-23,history,0,1449.62
T03,test,1,2025-02-24,history,0,1420.79
T03,test,1,2025-02-25,history,0,1606.99
T03,test,1,2025-02-26,history,0,1645.65
T03,test,1,2025-02-27,history,0,1482.84
T03,test,1,2025-02-28,history,0,1356.28
T03,test,1,2025-03-01,history,0,1617.65
T03,test,1,2025-03-02,history,0,1619.24
T03,test,1,2025-03-03,pre,0,1265.8
T03,test,1,2025-03-04,pre,0,1197.93
T03,test,1,2025-03-05,pre,0,1114.41
T03,test,1,2025-03-06,pre,0,1144.7
T03,test,1,2025-03-07,pre,0,1138.16
T03,test,1,2025-03-08,pre,0,1141.58
T03,test,1,2025-03-09,pre,0,1177.52
T03,test,1,2025-03-10,pre,0,1222.75
T03,test,1,2025-03-11,pre,0,1196.57
T03,test,1,2025-03-12,pre,0,1210.86
T03,test,1,2025-03-13,pre,0,1122.17
T03,test,1,2025-03-14,pre,0,1198.05
T03,test,1,2025-03-15,pre,0,1263.85
T03,test,1,2025-03-16,pre,0,1010.25
T03,test,1,2025-03-17,pre,0,1225.49
T03,test,1,2025-03-18,pre,0,1222.04
T03,test,1,2025-03-19,pre,0,1219.94
T03,test,1,2025-03-20,pre,0,1336.58
T03,test,1,2025-03-21,pre,0,1026.12
T03,test,1,2025-03-22,pre,0,984.73
T03,test,1,2025-03-23,pre,0,1281.76
T03,test,1,2025-03-24,pre,0,1211.37
T03,test,1,2025-03-25,pre,0,1245.94
T03,test,1,2025-03-26,pre,0,1190.6
T03,test,1,2025-03-27,pre,0,1200.47
T03,test,1,2025-03-28,pre,0,1300.91
T03,test,1,2025-03-29,pre,0,1238.03
T03,test,1,2025-03-30,pre,0,1138.54
T03,test,1,2025-03-31,post,1,1081.56
T03,test,1,2025-04-01,post,1,1398.71
T03,test,1,2025-04-02,post,1,1240.36
T03,test,1,2025-04-03,post,1,1308.81
T03,test,1,2025-04-04,post,1,1447.27
T03,test,1,2025-04-05,post,1,1352.71
T03,test,1,2025-04-06,post,1,1403.83
T03,test,1,2025-04-07,post,1,1230.37
T03,test,1,2025-04-08,post,1,1229.71
T03,test,1,2025-04-09,post,1,1358.95
T03,test,1,2025-04-10,post,1,1306.77
T03,test,1,2025-04-11,post,1,1056.43
T03,test,1,2025-04-12,post,1,1336.77
T03,test,1,2025-04-13,post,1,1297.14
T03,test,1,2025-04-14,post,1,1204.57
T03,test,1,2025-04-15,post,1,1141.32
T03,test,1,2025-04-16,post,1,1187.02
T03,test,1,2025-04-17,post,1,1315.54
T03,test,1,2025-04-18,post,1,1326.37
T03,test,1,2025-04-19,post,1,1420.93
T03,test,1,2025-04-20,post,1,1411.0
T03,test,1,2025-04-21,post,1,1281.12
T03,test,1,2025-04-22,post,1,1289.73
T03,test,1,2025-04-23,post,1,1340.89
T03,test,1,2025-04-24,post,1,1407.64
T03,test,1,2025-04-25,post,1,1215.11
T03,test,1,2025-04-26,post,1,1379.99
T03,test,1,2025-04-27,post,1,1401.58
T04,test,1,2025-02-03,history,0,1026.22
T04,test,1,2025-02-04,history,0,956.44
T04,test,1,2025-02-05,history,0,941.89
T04,test,1,2025-02-06,history,0,874.33
T04,test,1,2025-02-07,history,0,708.13
T04,test,1,2025-02-08,history,0,654.99
T04,test,1,2025-02-09,history,0,965.48
T04,test,1,2025-02-10,history,0,900.39
T04,test,1,2025-02-11,history,0,875.57
T04,test,1,2025-02-12,history,0,523.52
T04,test,1,2025-02-13,history,0,832.46
T04,test,1,2025-02-14,history,0,1110.55
T04,test,1,2025-02-15,history,0,853.58
T04,test,1,2025-02-16,history,0,1040.28
T04,test,1,2025-02-17,history,0,790.55
T04,test,1,2025-02-18,history,0,1050.46
T04,test,1,2025-02-19,history,0,934.22
T04,test,1,2025-02-20,history,0,906.65
T04,test,1,2025-02-21,history,0,1261.18
T04,test,1,2025-02-22,history,0,1108.35
T04,test,1,2025-02-23,history,0,881.5
T04,test,1,2025-02-24,history,0,817.33
T04,test,1,2025-02-25,history,0,963.66
T04,test,1,2025-02-26,history,0,981.29
T04,test,1,2025-02-27,history,0,891.05
T04,test,1,2025-02-28,history,0,860.82
T04,test,1,2025-03-01,history,0,1137.38
T04,test,1,2025-03-02,history,0,937.6
T04,test,1,2025-03-03,pre,0,997.84
T04,test,1,2025-03-04,pre,0,1344.16
T04,test,1,2025-03-05,pre,0,1501.1
T04,test,1,2025-03-06,pre,0,1278.96
T04,test,1,2025-03-07,pre,0,1089.71
T04,test,1,2025-03-08,pre,0,1258.03
T04,test,1,2025-03-09,pre,0,1366.22
T04,test,1,2025-03-10,pre,0,1480.79
T04,test,1,2025-03-11,pre,0,1114.03
T04,test,1,2025-03-12,pre,0,1148.41
T04,test,1,2025-03-13,pre,0,1266.2
T04,test,1,2025-03-14,pre,0,1271.92
T04,test,1,2025-03-15,pre,0,1136.51
T04,test,1,2025-03-16,pre,0,1308.34
T04,test,1,2025-03-17,pre,0,1255.51
T04,test,1,2025-03-18,pre,0,1250.48
T04,test,1,2025-03-19,pre,0,1259.35
T04,test,1,2025-03-20,pre,0,1208.07
T04,test,1,2025-03-21,pre,0,1455.68
T04,test,1,2025-03-22,pre,0,1131.33
T04,test,1,2025-03-23,pre,0,1196.25
T04,test,1,2025-03-24,pre,0,1231.37
T04,test,1,2025-03-25,pre,0,1348.82
T04,test,1,2025-03-26,pre,0,1084.19
T04,test,1,2025-03-27,pre,0,981.33
T04,test,1,2025-03-28,pre,0,962.29
T04,test,1,2025-03-29,pre,0,1201.7
T04,test,1,2025-03-30,pre,0,1053.47
T04,test,1,2025-03-31,post,1,1341.48
T04,test,1,2025-04-01,post,1,1506.08
T04,test,1,2025-04-02,post,1,1047.06
T04,test,1,2025-04-03,post,1,1262.75
T04,test,1,2025-04-04,post,1,1103.36
T04,test,1,2025-04-05,post,1,1171.12
T04,test,1,2025-04-06,post,1,1134.84
T04,test,1,2025-04-07,post,1,1059.89
T04,test,1,2025-04-08,post,1,1256.78
T04,test,1,2025-04-09,post,1,1158.38
T04,test,1,2025-04-10,post,1,1192.38
T04,test,1,2025-04-11,post,1,1079.96
T04,test,1,2025-04-12,post,1,1122.5
T04,test,1,2025-04-13,post,1,1219.62
T04,test,1,2025-04-14,post,1,1144.55
T04,test,1,2025-04-15,post,1,1204.5
T04,test,1,2025-04-16,post,1,1410.12
T04,test,1,2025-04-17,post,1,1266.09
T04,test,1,2025-04-18,post,1,1269.74
T04,test,1,2025-04-19,post,1,1115.11
T04,test,1,2025-04-20,post,1,1022.92
T04,test,1,2025-04-21,post,1,1402.44
T04,test,1,2025-04-22,post,1,1129.7
T04,test,1,2025-04-23,post,1,1059.15
T04,test,1,2025-04-24,post,1,1225.7
T04,test,1,2025-04-25,post,1,1152.44
T04,test,1,2025-04-26,post,1,1072.9
T04,test,1,2025-04-27,post,1,1143.48
T05,test,1,2025-02-03,history,0,1594.68
T05,test,1,2025-02-04,history,0,1248.94
T05,test,1,2025-02-05,history,0,1559.71
T05,test,1,2025-02-06,history,0,1399.76
T05,test,1,2025-02-07,history,0,1298.94
T05,test,1,2025-02-08,history,0,1135.37
T05,test,1,2025-02-09,history,0,1205.67
T05,test,1,2025-02-10,history,0,1336.64
T05,test,1,2025-02-11,history,0,1418.07
T05,test,1,2025-02-12,history,0,1254.1
T05,test,1,2025-02-13,history,0,1198.85
T05,test,1,2025-02-14,history,0,1183.89
T05,test,1,2025-02-15,history,0,1133.16
T05,test,1,2025-02-16,history,0,1155.97
T05,test,1,2025-02-17,history,0,1341.64
T05,test,1,2025-02-18,history,0,1383.9
T05,test,1,2025-02-19,history,0,1320.96
T05,test,1,2025-02-20,history,0,971.67
T05,test,1,2025-02-21,history,0,1330.27
T05,test,1,2025-02-22,history,0,1277.92
T05,test,1,2025-02-23,history,0,1540.88
T05,test,1,2025-02-24,history,0,1084.74
T05,test,1,2025-02-25,history,0,1326.92
T05,test,1,2025-02-26,history,0,1495.88
T05,test,1,2025-02-27,history,0,1328.75
T05,test,1,2025-02-28,history,0,1346.92
T05,test,1,2025-03-01,history,0,1346.14
T05,test,1,2025-03-02,history,0,1361.97
T05,test,1,2025-03-03,pre,0,1156.24
T05,test,1,2025-03-04,pre,0,1282.84
T05,test,1,2025-03-05,pre,0,1229.14
T05,test,1,2025-03-06,pre,0,1180.99
T05,test,1,2025-03-07,pre,0,1110.97
T05,test,1,2025-03-08,pre,0,1209.45
T05,test,1,2025-03-09,pre,0,1271.6
T05,test,1,2025-03-10,pre,0,1162.33
T05,test,1,2025-03-11,pre,0,1150.55
T05,test,1,2025-03-12,pre,0,1252.46
T05,test,1,2025-03-13,pre,0,1175.36
T05,test,1,2025-03-14,pre,0,1049.02
T05,test,1,2025-03-15,pre,0,1300.89
T05,test,1,2025-03-16,pre,0,1080.06
T05,test,1,2025-03-17,pre,0,1307.19
T05,test,1,2025-03-18,pre,0,1314.44
T05,test,1,2025-03-19,pre,0,1219.41
T05,test,1,2025-03-20,pre,0,1209.61
T05,test,1,2025-03-21,pre,0,1204.82
T05,test,1,2025-03-22,pre,0,1272.46
T05,test,1,2025-03-23,pre,0,1173.86
T05,test,1,2025-03-24,pre,0,1209.94
T05,test,1,2025-03-25,pre,0,1299.6
T05,test,1,2025-03-26,pre,0,1148.08
T05,test,1,2025-03-27,pre,0,1016.25
T05,test,1,2025-03-28,pre,0,1015.12
T05,test,1,2025-03-29,pre,0,1021.66
T05,test,1,2025-03-30,pre,0,919.88
T05,test,1,2025-03-31,post,1,1314.9
T05,test,1,2025-04-01,post,1,1176.86
T05,test,1,2025-04-02,post,1,964.69
T05,test,1,2025-04-03,post,1,1355.09
T05,test,1,2025-04-04,post,1,1141.98
T05,test,1,2025-04-05,post,1,1089.32
T05,test,1,2025-04-06,post,1,1003.78
T05,test,1,2025-04-07,post,1,1129.7
T05,test,1,2025-04-08,post,1,1219.99
T05,test,1,2025-04-09,post,1,1371.36
T05,test,1,2025-04-10,post,1,1038.57
T05,test,1,2025-04-11,post,1,1146.0
T05,test,1,2025-04-12,post,1,1316.38
T05,test,1,2025-04-13,post,1,886.65
T05,test,1,2025-04-14,post,1,1231.39
T05,test,1,2025-04-15,post,1,973.99
T05,test,1,2025-04-16,post,1,1168.55
T05,test,1,2025-04-17,post,1,1243.31
T05,test,1,2025-04-18,post,1,1322.58
T05,test,1,2025-04-19,post,1,1291.42
T05,test,1,2025-04-20,post,1,872.97
T05,test,1,2025-04-21,post,1,1099.22
T05,test,1,2025-04-22,post,1,1238.0
T05,test,1,2025-04-23,post,1,1141.92
T05,test,1,2025-04-24,post,1,1268.6
T05,test,1,2025-04-25,post,1,1238.89
T05,test,1,2025-04-26,post,1,1235.11
T05,test,1,2025-04-27,post,1,1135.26
T06,test,1,2025-02-03,history,0,1969.38
T06,test,1,2025-02-04,history,0,1698.24
T06,test,1,2025-02-05,history,0,2008.17
T06,test,1,2025-02-06,history,0,1749.45
T06,test,1,2025-02-07,history,0,1780.12
T06,test,1,2025-02-08,history,0,1801.1
T06,test,1,2025-02-09,history,0,1791.5
T06,test,1,2025-02-10,history,0,1836.08
T06,test,1,2025-02-11,history,0,1782.07
T06,test,1,2025-02-12,history,0,1677.99
T06,test,1,2025-02-13,history,0,1868.11
T06,test,1,2025-02-14,history,0,1771.97
T06,test,1,2025-02-15,history,0,1900.48
T06,test,1,2025-02-16,history,0,1787.4
T06,test,1,2025-02-17,history,0,1971.27
T06,test,1,2025-02-18,history,0,1664.44
T06,test,1,2025-02-19,history,0,1811.95
T06,test,1,2025-02-20,history,0,1725.29
T06,test,1,2025-02-21,history,0,2069.5
T06,test,1,2025-02-22,history,0,1894.42
T06,test,1,2025-02-23,history,0,1821.28
T06,test,1,2025-02-24,history,0,1876.77
T06,test,1,2025-02-25,history,0,1678.27
T06,test,1,2025-02-26,history,0,1843.33
T06,test,1,2025-02-27,history,0,2071.78
T06,test,1,2025-02-28,history,0,1852.53
T06,test,1,2025-03-01,history,0,1897.87
T06,test,1,2025-03-02,history,0,1945.48
T06,test,1,2025-03-03,pre,0,1890.24
T06,test,1,2025-03-04,pre,0,2020.82
T06,test,1,2025-03-05,pre,0,2077.44
T06,test,1,2025-03-06,pre,0,1558.38
T06,test,1,2025-03-07,pre,0,1834.15
T06,test,1,2025-03-08,pre,0,1899.73
T06,test,1,2025-03-09,pre,0,1760.04
T06,test,1,2025-03-10,pre,0,1857.81
T06,test,1,2025-03-11,pre,0,1530.12
T06,test,1,2025-03-12,pre,0,1759.5
T06,test,1,2025-03-13,pre,0,1600.8
T06,test,1,2025-03-14,pre,0,1840.89
T06,test,1,2025-03-15,pre,0,1635.15
T06,test,1,2025-03-16,pre,0,1875.63
T06,test,1,2025-03-17,pre,0,1860.91
T06,test,1,2025-03-18,pre,0,1697.85
T06,test,1,2025-03-19,pre,0,1648.47
T06,test,1,2025-03-20,pre,0,1532.3
T06,test,1,2025-03-21,pre,0,1798.22
T06,test,1,2025-03-22,pre,0,1721.52
T06,test,1,2025-03-23,pre,0,1632.51
T06,test,1,2025-03-24,pre,0,1836.32
T06,test,1,2025-03-25,pre,0,1741.25
T06,test,1,2025-03-26,pre,0,1686.69
T06,test,1,2025-03-27,pre,0,1623.92
T06,test,1,2025-03-28,pre,0,1887.28
T06,test,1,2025-03-29,pre,0,1822.03
T06,test,1,2025-03-30,pre,0,1723.96
T06,test,1,2025-03-31,post,1,1837.17
T06,test,1,2025-04-01,post,1,2110.28
T06,test,1,2025-04-02,post,1,2073.25
T06,test,1,2025-04-03,post,1,2002.48
T06,test,1,2025-04-04,post,1,2050.02
T06,test,1,2025-04-05,post,1,2164.15
T06,test,1,2025-04-06,post,1,2100.23
T06,test,1,2025-04-07,post,1,1742.76
T06,test,1,2025-04-08,post,1,1964.54
T06,test,1,2025-04-09,post,1,2349.18
T06,test,1,2025-04-10,post,1,1988.73
T06,test,1,2025-04-11,post,1,1809.4
T06,test,1,2025-04-12,post,1,2274.95
T06,test,1,2025-04-13,post,1,2065.36
T06,test,1,2025-04-14,post,1,2131.29
T06,test,1,2025-04-15,post,1,2040.48
T06,test,1,2025-04-16,post,1,2075.1
T06,test,1,2025-04-17,post,1,2148.63
T06,test,1,2025-04-18,post,1,2167.48
T06,test,1,2025-04-19,post,1,2389.96
T06,test,1,2025-04-20,post,1,2166.13
T06,test,1,2025-04-21,post,1,1895.11
T06,test,1,2025-04-22,post,1,2166.37
T06,test,1,2025-04-23,post,1,2193.66
T06,test,1,2025-04-24,post,1,2246.97
T06,test,1,2025-04-25,post,1,1984.33
T06,test,1,2025-04-26,post,1,2193.25
T06,test,1,2025-04-27,post,1,2163.66
T07,test,1,2025-02-03,history,0,980.81
T07,test,1,2025-02-04,history,0,552.96
T07,test,1,2025-02-05,history,0,698.2
T07,test,1,2025-02-06,history,0,936.72
T07,test,1,2025-02-07,history,0,652.21
T07,test,1,2025-02-08,history,0,934.37
T07,test,1,2025-02-09,history,0,824.91
T07,test,1,2025-02-10,history,0,603.94
T07,test,1,2025-02-11,history,0,701.89
T07,test,1,2025-02-12,history,0,473.91
T07,test,1,2025-02-13,history,0,879.72
T07,test,1,2025-02-14,history,0,879.12
T07,test,1,2025-02-15,history,0,808.08
T07,test,1,2025-02-16,history,0,1052.16
T07,test,1,2025-02-17,history,0,1026.93
T07,test,1,2025-02-18,history,0,783.05
T07,test,1,2025-02-19,history,0,621.02
T07,test,1,2025-02-20,history,0,871.6
T07,test,1,2025-02-21,history,0,974.41
T07,test,1,2025-02-22,history,0,889.19
T07,test,1,2025-02-23,history,0,961.74
T07,test,1,2025-02-24,history,0,674.42
T07,test,1,2025-02-25,history,0,1169.46
T07,test,1,2025-02-26,history,0,730.65
T07,test,1,2025-02-27,history,0,919.26
T07,test,1,2025-02-28,history,0,631.45
T07,test,1,2025-03-01,history,0,775.36
T07,test,1,2025-03-02,history,0,1058.95
T07,test,1,2025-03-03,pre,0,990.01
T07,test,1,2025-03-04,pre,0,777.49
T07,test,1,2025-03-05,pre,0,1023.34
T07,test,1,2025-03-06,pre,0,884.25
T07,test,1,2025-03-07,pre,0,803.84
T07,test,1,2025-03-08,pre,0,894.38
T07,test,1,2025-03-09,pre,0,834.26
T07,test,1,2025-03-10,pre,0,1019.87
T07,test,1,2025-03-11,pre,0,950.34
T07,test,1,2025-03-12,pre,0,490.49
T07,test,1,2025-03-13,pre,0,984.32
T07,test,1,2025-03-14,pre,0,564.27
T07,test,1,2025-03-15,pre,0,861.62
T07,test,1,2025-03-16,pre,0,1046.58
T07,test,1,2025-03-17,pre,0,812.95
T07,test,1,2025-03-18,pre,0,728.94
T07,test,1,2025-03-19,pre,0,766.71
T07,test,1,2025-03-20,pre,0,1027.3
T07,test,1,2025-03-21,pre,0,712.66
T07,test,1,2025-03-22,pre,0,1039.85
T07,test,1,2025-03-23,pre,0,925.08
T07,test,1,2025-03-24,pre,0,751.92
T07,test,1,2025-03-25,pre,0,838.33
T07,test,1,2025-03-26,pre,0,806.76
T07,test,1,2025-03-27,pre,0,907.47
T07,test,1,2025-03-28,pre,0,959.66
T07,test,1,2025-03-29,pre,0,656.43
T07,test,1,2025-03-30,pre,0,804.19
T07,test,1,2025-03-31,post,1,1195.93
T07,test,1,2025-04-01,post,1,903.43
T07,test,1,2025-04-02,post,1,790.9
T07,test,1,2025-04-03,post,1,925.1
T07,test,1,2025-04-04,post,1,743.94
T07,test,1,2025-04-05,post,1,776.84
T07,test,1,2025-04-06,post,1,581.98
T07,test,1,2025-04-07,post,1,886.74
T07,test,1,2025-04-08,post,1,990.73
T07,test,1,2025-04-09,post,1,892.15
T07,test,1,2025-04-10,post,1,1115.06
T07,test,1,2025-04-11,post,1,877.6
T07,test,1,2025-04-12,post,1,1110.14
T07,test,1,2025-04-13,post,1,923.63
T07,test,1,2025-04-14,post,1,926.36
T07,test,1,2025-04-15,post,1,869.25
T07,test,1,2025-04-16,post,1,1012.82
T07,test,1,2025-04-17,post,1,940.28
T07,test,1,2025-04-18,post,1,971.81
T07,test,1,2025-04-19,post,1,989.12
T07,test,1,2025-04-20,post,1,843.51
T07,test,1,2025-04-21,post,1,961.84
T07,test,1,2025-04-22,post,1,1209.4
T07,test,1,2025-04-23,post,1,852.73
T07,test,1,2025-04-24,post,1,981.48
T07,test,1,2025-04-25,post,1,1014.95
T07,test,1,2025-04-26,post,1,1018.78
T07,test,1,2025-04-27,post,1,882.24
T08,test,1,2025-02-03,history,0,1449.65
T08,test,1,2025-02-04,history,0,1501.07
T08,test,1,2025-02-05,history,0,1536.14
T08,test,1,2025-02-06,history,0,1506.51
T08,test,1,2025-02-07,history,0,1509.27
T08,test,1,2025-02-08,history,0,1356.14
T08,test,1,2025-02-09,history,0,1256.66
T08,test,1,2025-02-10,history,0,1347.31
T08,test,1,2025-02-11,history,0,1527.81
T08,test,1,2025-02-12,history,0,1458.95
T08,test,1,2025-02-13,history,0,1327.39
T08,test,1,2025-02-14,history,0,1422.42
T08,test,1,2025-02-15,history,0,1396.83
T08,test,1,2025-02-16,history,0,1486.45
T08,test,1,2025-02-17,history,0,1325.61
T08,test,1,2025-02-18,history,0,1335.71
T08,test,1,2025-02-19,history,0,1397.37
T08,test,1,2025-02-20,history,0,1497.72
T08,test,1,2025-02-21,history,0,1612.48
T08,test,1,2025-02-22,history,0,1442.18
T08,test,1,2025-02-23,history,0,1404.54
T08,test,1,2025-02-24,history,0,1438.61
T08,test,1,2025-02-25,history,0,1438.04
T08,test,1,2025-02-26,history,0,1315.78
T08,test,1,2025-02-27,history,0,1324.15
T08,test,1,2025-02-28,history,0,1365.37
T08,test,1,2025-03-01,history,0,1355.0
T08,test,1,2025-03-02,history,0,1504.05
T08,test,1,2025-03-03,pre,0,1088.52
T08,test,1,2025-03-04,pre,0,1348.41
T08,test,1,2025-03-05,pre,0,1133.82
T08,test,1,2025-03-06,pre,0,1335.46
T08,test,1,2025-03-07,pre,0,1132.6
T08,test,1,2025-03-08,pre,0,979.08
T08,test,1,2025-03-09,pre,0,1123.02
T08,test,1,2025-03-10,pre,0,1138.88
T08,test,1,2025-03-11,pre,0,1007.54
T08,test,1,2025-03-12,pre,0,1128.3
T08,test,1,2025-03-13,pre,0,970.52
T08,test,1,2025-03-14,pre,0,944.73
T08,test,1,2025-03-15,pre,0,1166.37
T08,test,1,2025-03-16,pre,0,983.58
T08,test,1,2025-03-17,pre,0,1037.14
T08,test,1,2025-03-18,pre,0,1072.17
T08,test,1,2025-03-19,pre,0,1069.79
T08,test,1,2025-03-20,pre,0,1420.57
T08,test,1,2025-03-21,pre,0,1226.39
T08,test,1,2025-03-22,pre,0,1210.2
T08,test,1,2025-03-23,pre,0,994.9
T08,test,1,2025-03-24,pre,0,1092.91
T08,test,1,2025-03-25,pre,0,1210.52
T08,test,1,2025-03-26,pre,0,1082.27
T08,test,1,2025-03-27,pre,0,1188.87
T08,test,1,2025-03-28,pre,0,1003.83
T08,test,1,2025-03-29,pre,0,1104.75
T08,test,1,2025-03-30,pre,0,1058.68
T08,test,1,2025-03-31,post,1,916.56
T08,test,1,2025-04-01,post,1,1370.78
T08,test,1,2025-04-02,post,1,900.79
T08,test,1,2025-04-03,post,1,1453.57
T08,test,1,2025-04-04,post,1,1138.44
T08,test,1,2025-04-05,post,1,1318.95
T08,test,1,2025-04-06,post,1,1120.59
T08,test,1,2025-04-07,post,1,1067.95
T08,test,1,2025-04-08,post,1,1293.04
T08,test,1,2025-04-09,post,1,1262.65
T08,test,1,2025-04-10,post,1,1139.17
T08,test,1,2025-04-11,post,1,1201.5
T08,test,1,2025-04-12,post,1,1602.65
T08,test,1,2025-04-13,post,1,1307.74
T08,test,1,2025-04-14,post,1,1268.48
T08,test,1,2025-04-15,post,1,1252.35
T08,test,1,2025-04-16,post,1,1341.45
T08,test,1,2025-04-17,post,1,1226.1
T08,test,1,2025-04-18,post,1,981.05
T08,test,1,2025-04-19,post,1,1237.88
T08,test,1,2025-04-20,post,1,1290.85
T08,test,1,2025-04-21,post,1,1112.21
T08,test,1,2025-04-22,post,1,1235.45
T08,test,1,2025-04-23,post,1,1117.5
T08,test,1,2025-04-24,post,1,1426.73
T08,test,1,2025-04-25,post,1,1269.3
T08,test,1,2025-04-26,post,1,1275.48
T08,test,1,2025-04-27,post,1,1270.77
T09,test,1,2025-02-03,history,0,1360.4
T09,test,1,2025-02-04,history,0,1001.7
T09,test,1,2025-02-05,history,0,1302.6
T09,test,1,2025-02-06,history,0,1284.6
T09,test,1,2025-02-07,history,0,1178.47
T09,test,1,2025-02-08,history,0,1174.87
T09,test,1,2025-02-09,history,0,1087.79
T09,test,1,2025-02-10,history,0,1084.09
T09,test,1,2025-02-11,history,0,1257.08
T09,test,1,2025-02-12,history,0,1326.83
T09,test,1,2025-02-13,history,0,1041.62
T09,test,1,2025-02-14,history,0,1342.71
T09,test,1,2025-02-15,history,0,1401.27
T09,test,1,2025-02-16,history,0,1303.83
T09,test,1,2025-02-17,history,0,1348.63
T09,test,1,2025-02-18,history,0,1118.63
T09,test,1,2025-02-19,history,0,1262.36
T09,test,1,2025-02-20,history,0,1002.51
T09,test,1,2025-02-21,history,0,1025.94
T09,test,1,2025-02-22,history,0,1364.69
T09,test,1,2025-02-23,history,0,1125.26
T09,test,1,2025-02-24,history,0,1159.03
T09,test,1,2025-02-25,history,0,1161.53
T09,test,1,2025-02-26,history,0,1076.09
T09,test,1,2025-02-27,history,0,1207.99
T09,test,1,2025-02-28,history,0,1145.88
T09,test,1,2025-03-01,history,0,1331.85
T09,test,1,2025-03-02,history,0,1330.79
T09,test,1,2025-03-03,pre,0,1388.9
T09,test,1,2025-03-04,pre,0,1293.41
T09,test,1,2025-03-05,pre,0,1440.41
T09,test,1,2025-03-06,pre,0,1291.7
T09,test,1,2025-03-07,pre,0,1225.56
T09,test,1,2025-03-08,pre,0,1353.81
T09,test,1,2025-03-09,pre,0,1409.99
T09,test,1,2025-03-10,pre,0,1401.53
T09,test,1,2025-03-11,pre,0,1285.93
T09,test,1,2025-03-12,pre,0,1389.6
T09,test,1,2025-03-13,pre,0,1266.65
T09,test,1,2025-03-14,pre,0,1346.65
T09,test,1,2025-03-15,pre,0,1401.58
T09,test,1,2025-03-16,pre,0,1580.6
T09,test,1,2025-03-17,pre,0,1143.65
T09,test,1,2025-03-18,pre,0,1450.73
T09,test,1,2025-03-19,pre,0,1124.24
T09,test,1,2025-03-20,pre,0,1383.62
T09,test,1,2025-03-21,pre,0,1585.72
T09,test,1,2025-03-22,pre,0,1416.48
T09,test,1,2025-03-23,pre,0,1405.63
T09,test,1,2025-03-24,pre,0,1281.22
T09,test,1,2025-03-25,pre,0,1365.49
T09,test,1,2025-03-26,pre,0,1352.05
T09,test,1,2025-03-27,pre,0,1162.67
T09,test,1,2025-03-28,pre,0,1290.46
T09,test,1,2025-03-29,pre,0,1340.0
T09,test,1,2025-03-30,pre,0,1214.02
T09,test,1,2025-03-31,post,1,1794.63
T09,test,1,2025-04-01,post,1,1929.01
T09,test,1,2025-04-02,post,1,1621.43
T09,test,1,2025-04-03,post,1,1611.33
T09,test,1,2025-04-04,post,1,1732.64
T09,test,1,2025-04-05,post,1,1834.39
T09,test,1,2025-04-06,post,1,1970.48
T09,test,1,2025-04-07,post,1,2039.34
T09,test,1,2025-04-08,post,1,2046.68
T09,test,1,2025-04-09,post,1,1743.44
T09,test,1,2025-04-10,post,1,1752.41
T09,test,1,2025-04-11,post,1,1845.51
T09,test,1,2025-04-12,post,1,2170.91
T09,test,1,2025-04-13,post,1,1981.74
T09,test,1,2025-04-14,post,1,1873.39
T09,test,1,2025-04-15,post,1,1701.07
T09,test,1,2025-04-16,post,1,1654.46
T09,test,1,2025-04-17,post,1,1940.1
T09,test,1,2025-04-18,post,1,1692.07
T09,test,1,2025-04-19,post,1,1828.42
T09,test,1,2025-04-20,post,1,1776.2
T09,test,1,2025-04-21,post,1,2016.27
T09,test,1,2025-04-22,post,1,1810.58
T09,test,1,2025-04-23,post,1,1504.34
T09,test,1,2025-04-24,post,1,1903.55
T09,test,1,2025-04-25,post,1,1692.01
T09,test,1,2025-04-26,post,1,1798.94
T09,test,1,2025-04-27,post,1,1782.3
T10,test,1,2025-02-03,history,0,1807.48
T10,test,1,2025-02-04,history,0,1716.93
T10,test,1,2025-02-05,history,0,1985.06
T10,test,1,2025-02-06,history,0,1679.02
T10,test,1,2025-02-07,history,0,1627.04
T10,test,1,2025-02-08,history,0,1808.49
T10,test,1,2025-02-09,history,0,1910.11
T10,test,1,2025-02-10,history,0,1561.11
T10,test,1,2025-02-11,history,0,1712.21
T10,test,1,2025-02-12,history,0,1862.49
T10,test,1,2025-02-13,history,0,1864.43
T10,test,1,2025-02-14,history,0,1820.8
T10,test,1,2025-02-15,history,0,1728.54
T10,test,1,2025-02-16,history,0,1772.28
T10,test,1,2025-02-17,history,0,1813.33
T10,test,1,2025-02-18,history,0,1668.85
T10,test,1,2025-02-19,history,0,1767.71
T10,test,1,2025-02-20,history,0,1702.6
T10,test,1,2025-02-21,history,0,1722.04
T10,test,1,2025-02-22,history,0,1811.56
T10,test,1,2025-02-23,history,0,2089.31
T10,test,1,2025-02-24,history,0,1496.6
T10,test,1,2025-02-25,history,0,1862.93
T10,test,1,2025-02-26,history,0,1650.2
T10,test,1,2025-02-27,history,0,1794.29
T10,test,1,2025-02-28,history,0,1735.16
T10,test,1,2025-03-01,history,0,1874.06
T10,test,1,2025-03-02,history,0,1913.68
T10,test,1,2025-03-03,pre,0,1927.39
T10,test,1,2025-03-04,pre,0,1862.0
T10,test,1,2025-03-05,pre,0,2174.77
T10,test,1,2025-03-06,pre,0,2040.44
T10,test,1,2025-03-07,pre,0,1996.45
T10,test,1,2025-03-08,pre,0,2066.38
T10,test,1,2025-03-09,pre,0,2046.89
T10,test,1,2025-03-10,pre,0,2114.16
T10,test,1,2025-03-11,pre,0,2029.01
T10,test,1,2025-03-12,pre,0,1937.99
T10,test,1,2025-03-13,pre,0,1886.22
T10,test,1,2025-03-14,pre,0,2304.12
T10,test,1,2025-03-15,pre,0,1989.74
T10,test,1,2025-03-16,pre,0,1952.07
T10,test,1,2025-03-17,pre,0,2011.53
T10,test,1,2025-03-18,pre,0,2043.54
T10,test,1,2025-03-19,pre,0,1837.81
T10,test,1,2025-03-20,pre,0,2147.23
T10,test,1,2025-03-21,pre,0,2040.37
T10,test,1,2025-03-22,pre,0,1879.49
T10,test,1,2025-03-23,pre,0,2182.77
T10,test,1,2025-03-24,pre,0,2078.52
T10,test,1,2025-03-25,pre,0,1864.99
T10,test,1,2025-03-26,pre,0,2250.52
T10,test,1,2025-03-27,pre,0,1991.01
T10,test,1,2025-03-28,pre,0,1978.98
T10,test,1,2025-03-29,pre,0,2161.99
T10,test,1,2025-03-30,pre,0,1980.17
T10,test,1,2025-03-31,post,1,1832.27
T10,test,1,2025-04-01,post,1,2066.16
T10,test,1,2025-04-02,post,1,1645.72
T10,test,1,2025-04-03,post,1,1877.67
T10,test,1,2025-04-04,post,1,1862.73
T10,test,1,2025-04-05,post,1,1787.84
T10,test,1,2025-04-06,post,1,1698.33
T10,test,1,2025-04-07,post,1,1997.02
T10,test,1,2025-04-08,post,1,2059.06
T10,test,1,2025-04-09,post,1,1923.82
T10,test,1,2025-04-10,post,1,1625.39
T10,test,1,2025-04-11,post,1,1938.59
T10,test,1,2025-04-12,post,1,1733.91
T10,test,1,2025-04-13,post,1,1907.2
T10,test,1,2025-04-14,post,1,1698.58
T10,test,1,2025-04-15,post,1,1674.44
T10,test,1,2025-04-16,post,1,1773.42
T10,test,1,2025-04-17,post,1,1889.45
T10,test,1,2025-04-18,post,1,1812.86
T10,test,1,2025-04-19,post,1,1993.69
T10,test,1,2025-04-20,post,1,1802.46
T10,test,1,2025-04-21,post,1,2008.75
T10,test,1,2025-04-22,post,1,1952.89
T10,test,1,2025-04-23,post,1,1779.35
T10,test,1,2025-04-24,post,1,1805.11
T10,test,1,2025-04-25,post,1,1644.2
T10,test,1,2025-04-26,post,1,1894.72
T10,test,1,2025-04-27,post,1,1816.16
T11,test,1,2025-02-03,history,0,1422.15
T11,test,1,2025-02-04,history,0,1454.22
T11,test,1,2025-02-05,history,0,1144.49
T11,test,1,2025-02-06,history,0,1628.06
T11,test,1,2025-02-07,history,0,1308.72
T11,test,1,2025-02-08,history,0,1431.99
T11,test,1,2025-02-09,history,0,1242.06
T11,test,1,2025-02-10,history,0,1262.11
T11,test,1,2025-02-11,history,0,1397.28
T11,test,1,2025-02-12,history,0,1327.55
T11,test,1,2025-02-13,history,0,1467.51
T11,test,1,2025-02-14,history,0,1557.59
T11,test,1,2025-02-15,history,0,1172.91
T11,test,1,2025-02-16,history,0,1565.27
T11,test,1,2025-02-17,history,0,1409.82
T11,test,1,2025-02-18,history,0,1304.76
T11,test,1,2025-02-19,history,0,1226.37
T11,test,1,2025-02-20,history,0,1383.61
T11,test,1,2025-02-21,history,0,1143.79
T11,test,1,2025-02-22,history,0,1455.59
T11,test,1,2025-02-23,history,0,1190.63
T11,test,1,2025-02-24,history,0,1346.33
T11,test,1,2025-02-25,history,0,1439.83
T11,test,1,2025-02-26,history,0,1511.85
T11,test,1,2025-02-27,history,0,1333.64
T11,test,1,2025-02-28,history,0,1276.35
T11,test,1,2025-03-01,history,0,1351.92
T11,test,1,2025-03-02,history,0,1555.45
T11,test,1,2025-03-03,pre,0,1505.83
T11,test,1,2025-03-04,pre,0,1431.05
T11,test,1,2025-03-05,pre,0,1682.76
T11,test,1,2025-03-06,pre,0,1517.25
T11,test,1,2025-03-07,pre,0,1455.47
T11,test,1,2025-03-08,pre,0,1340.81
T11,test,1,2025-03-09,pre,0,1536.99
T11,test,1,2025-03-10,pre,0,1543.8
T11,test,1,2025-03-11,pre,0,1317.58
T11,test,1,2025-03-12,pre,0,1257.41
T11,test,1,2025-03-13,pre,0,1502.79
T11,test,1,2025-03-14,pre,0,1211.25
T11,test,1,2025-03-15,pre,0,1553.68
T11,test,1,2025-03-16,pre,0,1459.66
T11,test,1,2025-03-17,pre,0,1601.5
T11,test,1,2025-03-18,pre,0,1439.15
T11,test,1,2025-03-19,pre,0,1570.58
T11,test,1,2025-03-20,pre,0,1449.93
T11,test,1,2025-03-21,pre,0,1550.37
T11,test,1,2025-03-22,pre,0,1586.27
T11,test,1,2025-03-23,pre,0,1469.67
T11,test,1,2025-03-24,pre,0,1608.08
T11,test,1,2025-03-25,pre,0,1382.54
T11,test,1,2025-03-26,pre,0,1557.67
T11,test,1,2025-03-27,pre,0,1507.73
T11,test,1,2025-03-28,pre,0,1544.46
T11,test,1,2025-03-29,pre,0,1686.19
T11,test,1,2025-03-30,pre,0,1354.49
T11,test,1,2025-03-31,post,1,944.53
T11,test,1,2025-04-01,post,1,1271.12
T11,test,1,2025-04-02,post,1,1085.63
T11,test,1,2025-04-03,post,1,1492.88
T11,test,1,2025-04-04,post,1,940.4
T11,test,1,2025-04-05,post,1,1052.65
T11,test,1,2025-04-06,post,1,1388.67
T11,test,1,2025-04-07,post,1,1443.69
T11,test,1,2025-04-08,post,1,1198.98
T11,test,1,2025-04-09,post,1,1217.46
T11,test,1,2025-04-10,post,1,1298.73
T11,test,1,2025-04-11,post,1,938.71
T11,test,1,2025-04-12,post,1,1073.84
T11,test,1,2025-04-13,post,1,1200.54
T11,test,1,2025-04-14,post,1,1355.15
T11,test,1,2025-04-15,post,1,1125.42
T11,test,1,2025-04-16,post,1,1202.65
T11,test,1,2025-04-17,post,1,1411.59
T11,test,1,2025-04-18,post,1,1507.08
T11,test,1,2025-04-19,post,1,1217.91
T11,test,1,2025-04-20,post,1,1218.05
T11,test,1,2025-04-21,post,1,1473.86
T11,test,1,2025-04-22,post,1,1100.58
T11,test,1,2025-04-23,post,1,1350.45
T11,test,1,2025-04-24,post,1,1150.91
T11,test,1,2025-04-25,post,1,1218.29
T11,test,1,2025-04-26,post,1,1194.81
T11,test,1,2025-04-27,post,1,1107.84
T12,test,1,2025-02-03,history,0,1733.18
T12,test,1,2025-02-04,history,0,1541.87
T12,test,1,2025-02-05,history,0,1667.2
T12,test,1,2025-02-06,history,0,1518.92
T12,test,1,2025-02-07,history,0,1580.1
T12,test,1,2025-02-08,history,0,1361.23
T12,test,1,2025-02-09,history,0,1748.43
T12,test,1,2025-02-10,history,0,1647.0
T12,test,1,2025-02-11,history,0,1935.97
T12,test,1,2025-02-12,history,0,1467.34
T12,test,1,2025-02-13,history,0,1690.99
T12,test,1,2025-02-14,history,0,1913.0
T12,test,1,2025-02-15,history,0,1797.47
T12,test,1,2025-02-16,history,0,1634.63
T12,test,1,2025-02-17,history,0,1705.47
T12,test,1,2025-02-18,history,0,1599.23
T12,test,1,2025-02-19,history,0,1706.5
T12,test,1,2025-02-20,history,0,1509.17
T12,test,1,2025-02-21,history,0,1692.53
T12,test,1,2025-02-22,history,0,1455.78
T12,test,1,2025-02-23,history,0,1655.67
T12,test,1,2025-02-24,history,0,1663.69
T12,test,1,2025-02-25,history,0,1696.6
T12,test,1,2025-02-26,history,0,1447.46
T12,test,1,2025-02-27,history,0,1743.47
T12,test,1,2025-02-28,history,0,1673.16
T12,test,1,2025-03-01,history,0,1595.36
T12,test,1,2025-03-02,history,0,1638.8
T12,test,1,2025-03-03,pre,0,1208.88
T12,test,1,2025-03-04,pre,0,1256.14
T12,test,1,2025-03-05,pre,0,1557.36
T12,test,1,2025-03-06,pre,0,1384.98
T12,test,1,2025-03-07,pre,0,1331.15
T12,test,1,2025-03-08,pre,0,1166.03
T12,test,1,2025-03-09,pre,0,1478.59
T12,test,1,2025-03-10,pre,0,1270.39
T12,test,1,2025-03-11,pre,0,1481.85
T12,test,1,2025-03-12,pre,0,1642.09
T12,test,1,2025-03-13,pre,0,1344.12
T12,test,1,2025-03-14,pre,0,1458.62
T12,test,1,2025-03-15,pre,0,1335.06
T12,test,1,2025-03-16,pre,0,1164.97
T12,test,1,2025-03-17,pre,0,1237.35
T12,test,1,2025-03-18,pre,0,1232.39
T12,test,1,2025-03-19,pre,0,1182.97
T12,test,1,2025-03-20,pre,0,1569.42
T12,test,1,2025-03-21,pre,0,1434.64
T12,test,1,2025-03-22,pre,0,1408.59
T12,test,1,2025-03-23,pre,0,1353.26
T12,test,1,2025-03-24,pre,0,1332.92
T12,test,1,2025-03-25,pre,0,1482.7
T12,test,1,2025-03-26,pre,0,1383.61
T12,test,1,2025-03-27,pre,0,1325.87
T12,test,1,2025-03-28,pre,0,1306.91
T12,test,1,2025-03-29,pre,0,1280.33
T12,test,1,2025-03-30,pre,0,1142.45
T12,test,1,2025-03-31,post,1,1224.68
T12,test,1,2025-04-01,post,1,1482.03
T12,test,1,2025-04-02,post,1,1426.68
T12,test,1,2025-04-03,post,1,1401.69
T12,test,1,2025-04-04,post,1,1266.6
T12,test,1,2025-04-05,post,1,1407.61
T12,test,1,2025-04-06,post,1,1252.33
T12,test,1,2025-04-07,post,1,1483.1
T12,test,1,2025-04-08,post,1,1500.16
T12,test,1,2025-04-09,post,1,1719.2
T12,test,1,2025-04-10,post,1,1293.11
T12,test,1,2025-04-11,post,1,1276.45
T12,test,1,2025-04-12,post,1,1502.92
T12,test,1,2025-04-13,post,1,1445.98
T12,test,1,2025-04-14,post,1,1218.41
T12,test,1,2025-04-15,post,1,1242.79
T12,test,1,2025-04-16,post,1,1368.93
T12,test,1,2025-04-17,post,1,1289.68
T12,test,1,2025-04-18,post,1,1318.44
T12,test,1,2025-04-19,post,1,1411.34
T12,test,1,2025-04-20,post,1,1453.04
T12,test,1,2025-04-21,post,1,1296.12
T12,test,1,2025-04-22,post,1,1175.61
T12,test,1,2025-04-23,post,1,1110.61
T12,test,1,2025-04-24,post,1,1235.44
T12,test,1,2025-04-25,post,1,1161.87
T12,test,1,2025-04-26,post,1,1318.83
T12,test,1,2025-04-27,post,1,1193.59
T13,test,1,2025-02-03,history,0,1529.12
T13,test,1,2025-02-04,history,0,1505.47
T13,test,1,2025-02-05,history,0,1671.41
T13,test,1,2025-02-06,history,0,1894.76
T13,test,1,2025-02-07,history,0,1497.12
T13,test,1,2025-02-08,history,0,1689.61
T13,test,1,2025-02-09,history,0,1633.99
T13,test,1,2025-02-10,history,0,1701.7
T13,test,1,2025-02-11,history,0,1672.94
T13,test,1,2025-02-12,history,0,1744.5
T13,test,1,2025-02-13,history,0,1679.51
T13,test,1,2025-02-14,history,0,1548.88
T13,test,1,2025-02-15,history,0,1529.05
T13,test,1,2025-02-16,history,0,1694.73
T13,test,1,2025-02-17,history,0,1569.08
T13,test,1,2025-02-18,history,0,1688.59
T13,test,1,2025-02-19,history,0,1657.15
T13,test,1,2025-02-20,history,0,1918.34
T13,test,1,2025-02-21,history,0,1535.1
T13,test,1,2025-02-22,history,0,1712.36
T13,test,1,2025-02-23,history,0,1544.47
T13,test,1,2025-02-24,history,0,1590.86
T13,test,1,2025-02-25,history,0,1781.24
T13,test,1,2025-02-26,history,0,1402.6
T13,test,1,2025-02-27,history,0,1693.64
T13,test,1,2025-02-28,history,0,1898.14
T13,test,1,2025-03-01,history,0,1668.45
T13,test,1,2025-03-02,history,0,1744.02
T13,test,1,2025-03-03,pre,0,1492.42
T13,test,1,2025-03-04,pre,0,1699.44
T13,test,1,2025-03-05,pre,0,1840.26
T13,test,1,2025-03-06,pre,0,1526.26
T13,test,1,2025-03-07,pre,0,1670.11
T13,test,1,2025-03-08,pre,0,1662.61
T13,test,1,2025-03-09,pre,0,1483.22
T13,test,1,2025-03-10,pre,0,1662.91
T13,test,1,2025-03-11,pre,0,1747.02
T13,test,1,2025-03-12,pre,0,1701.02
T13,test,1,2025-03-13,pre,0,1517.07
T13,test,1,2025-03-14,pre,0,1763.03
T13,test,1,2025-03-15,pre,0,1872.27
T13,test,1,2025-03-16,pre,0,1830.82
T13,test,1,2025-03-17,pre,0,1653.62
T13,test,1,2025-03-18,pre,0,1662.75
T13,test,1,2025-03-19,pre,0,1636.46
T13,test,1,2025-03-20,pre,0,1774.24
T13,test,1,2025-03-21,pre,0,1780.68
T13,test,1,2025-03-22,pre,0,1793.93
T13,test,1,2025-03-23,pre,0,1761.54
T13,test,1,2025-03-24,pre,0,1807.29
T13,test,1,2025-03-25,pre,0,1733.68
T13,test,1,2025-03-26,pre,0,1837.02
T13,test,1,2025-03-27,pre,0,1722.05
T13,test,1,2025-03-28,pre,0,1589.26
T13,test,1,2025-03-29,pre,0,1459.78
T13,test,1,2025-03-30,pre,0,1851.87
T13,test,1,2025-03-31,post,1,1614.34
T13,test,1,2025-04-01,post,1,1711.98
T13,test,1,2025-04-02,post,1,1610.37
T13,test,1,2025-04-03,post,1,1931.98
T13,test,1,2025-04-04,post,1,1693.64
T13,test,1,2025-04-05,post,1,1697.02
T13,test,1,2025-04-06,post,1,1669.62
T13,test,1,2025-04-07,post,1,1698.36
T13,test,1,2025-04-08,post,1,1797.18
T13,test,1,2025-04-09,post,1,1832.88
T13,test,1,2025-04-10,post,1,1585.34
T13,test,1,2025-04-11,post,1,1691.82
T13,test,1,2025-04-12,post,1,1522.86
T13,test,1,2025-04-13,post,1,1729.11
T13,test,1,2025-04-14,post,1,1730.1
T13,test,1,2025-04-15,post,1,1613.57
T13,test,1,2025-04-16,post,1,1877.99
T13,test,1,2025-04-17,post,1,1639.26
T13,test,1,2025-04-18,post,1,1749.82
T13,test,1,2025-04-19,post,1,1752.31
T13,test,1,2025-04-20,post,1,1677.51
T13,test,1,2025-04-21,post,1,1710.97
T13,test,1,2025-04-22,post,1,1765.57
T13,test,1,2025-04-23,post,1,1798.37
T13,test,1,2025-04-24,post,1,1907.91
T13,test,1,2025-04-25,post,1,1675.19
T13,test,1,2025-04-26,post,1,1791.23
T13,test,1,2025-04-27,post,1,1608.06
T14,test,1,2025-02-03,history,0,2149.88
T14,test,1,2025-02-04,history,0,1926.54
T14,test,1,2025-02-05,history,0,1983.92
T14,test,1,2025-02-06,history,0,1791.96
T14,test,1,2025-02-07,history,0,1968.47
T14,test,1,2025-02-08,history,0,1916.9
T14,test,1,2025-02-09,history,0,1894.76
T14,test,1,2025-02-10,history,0,2004.83
T14,test,1,2025-02-11,history,0,1937.56
T14,test,1,2025-02-12,history,0,1894.02
T14,test,1,2025-02-13,history,0,2134.13
T14,test,1,2025-02-14,history,0,1894.67
T14,test,1,2025-02-15,history,0,2138.25
T14,test,1,2025-02-16,history,0,1908.52
T14,test,1,2025-02-17,history,0,1957.14
T14,test,1,2025-02-18,history,0,2187.81
T14,test,1,2025-02-19,history,0,2166.02
T14,test,1,2025-02-20,history,0,1962.79
T14,test,1,2025-02-21,history,0,1948.45
T14,test,1,2025-02-22,history,0,1942.1
T14,test,1,2025-02-23,history,0,2006.31
T14,test,1,2025-02-24,history,0,1972.26
T14,test,1,2025-02-25,history,0,2071.06
T14,test,1,2025-02-26,history,0,1995.64
T14,test,1,2025-02-27,history,0,1957.19
T14,test,1,2025-02-28,history,0,1814.45
T14,test,1,2025-03-01,history,0,1978.57
T14,test,1,2025-03-02,history,0,2140.21
T14,test,1,2025-03-03,pre,0,2264.39
T14,test,1,2025-03-04,pre,0,2028.94
T14,test,1,2025-03-05,pre,0,2251.67
T14,test,1,2025-03-06,pre,0,2277.07
T14,test,1,2025-03-07,pre,0,2144.53
T14,test,1,2025-03-08,pre,0,2098.55
T14,test,1,2025-03-09,pre,0,2413.89
T14,test,1,2025-03-10,pre,0,2150.89
T14,test,1,2025-03-11,pre,0,2106.21
T14,test,1,2025-03-12,pre,0,2183.79
T14,test,1,2025-03-13,pre,0,2206.21
T14,test,1,2025-03-14,pre,0,2307.43
T14,test,1,2025-03-15,pre,0,2362.77
T14,test,1,2025-03-16,pre,0,2265.25
T14,test,1,2025-03-17,pre,0,2227.62
T14,test,1,2025-03-18,pre,0,2191.65
T14,test,1,2025-03-19,pre,0,2223.35
T14,test,1,2025-03-20,pre,0,2234.85
T14,test,1,2025-03-21,pre,0,2286.93
T14,test,1,2025-03-22,pre,0,2314.95
T14,test,1,2025-03-23,pre,0,2316.18
T14,test,1,2025-03-24,pre,0,2218.19
T14,test,1,2025-03-25,pre,0,2129.08
T14,test,1,2025-03-26,pre,0,2254.83
T14,test,1,2025-03-27,pre,0,2118.04
T14,test,1,2025-03-28,pre,0,2212.83
T14,test,1,2025-03-29,pre,0,2445.39
T14,test,1,2025-03-30,pre,0,2107.64
T14,test,1,2025-03-31,post,1,2097.64
T14,test,1,2025-04-01,post,1,2020.49
T14,test,1,2025-04-02,post,1,2101.17
T14,test,1,2025-04-03,post,1,2345.61
T14,test,1,2025-04-04,post,1,1906.61
T14,test,1,2025-04-05,post,1,1739.04
T14,test,1,2025-04-06,post,1,1966.23
T14,test,1,2025-04-07,post,1,2205.23
T14,test,1,2025-04-08,post,1,2131.28
T14,test,1,2025-04-09,post,1,2099.71
T14,test,1,2025-04-10,post,1,2122.35
T14,test,1,2025-04-11,post,1,2052.63
T14,test,1,2025-04-12,post,1,2219.84
T14,test,1,2025-04-13,post,1,2121.09
T14,test,1,2025-04-14,post,1,2128.3
T14,test,1,2025-04-15,post,1,1997.29
T14,test,1,2025-04-16,post,1,2075.7
T14,test,1,2025-04-17,post,1,2015.21
T14,test,1,2025-04-18,post,1,1958.61
T14,test,1,2025-04-19,post,1,2268.48
T14,test,1,2025-04-20,post,1,2022.55
T14,test,1,2025-04-21,post,1,2128.33
T14,test,1,2025-04-22,post,1,2074.62
T14,test,1,2025-04-23,post,1,1933.29
T14,test,1,2025-04-24,post,1,2050.96
T14,test,1,2025-04-25,post,1,2154.84
T14,test,1,2025-04-26,post,1,2067.08
T14,test,1,2025-04-27,post,1,1793.94
